-- phpMyAdmin SQL Dump
-- version 4.8.4
-- https://www.phpmyadmin.net/
--
-- Host: 127.0.0.1
-- Waktu pembuatan: 18 Sep 2020 pada 12.22
-- Versi server: 10.1.37-MariaDB
-- Versi PHP: 7.3.0

SET SQL_MODE = "NO_AUTO_VALUE_ON_ZERO";
SET AUTOCOMMIT = 0;
START TRANSACTION;
SET time_zone = "+00:00";


/*!40101 SET @OLD_CHARACTER_SET_CLIENT=@@CHARACTER_SET_CLIENT */;
/*!40101 SET @OLD_CHARACTER_SET_RESULTS=@@CHARACTER_SET_RESULTS */;
/*!40101 SET @OLD_COLLATION_CONNECTION=@@COLLATION_CONNECTION */;
/*!40101 SET NAMES utf8mb4 */;

--
-- Database: `covid_db`
--

-- --------------------------------------------------------

--
-- Struktur dari tabel `failed_jobs`
--

CREATE TABLE `failed_jobs` (
  `id` bigint(20) UNSIGNED NOT NULL,
  `connection` text COLLATE utf8mb4_unicode_ci NOT NULL,
  `queue` text COLLATE utf8mb4_unicode_ci NOT NULL,
  `payload` longtext COLLATE utf8mb4_unicode_ci NOT NULL,
  `exception` longtext COLLATE utf8mb4_unicode_ci NOT NULL,
  `failed_at` timestamp NOT NULL DEFAULT CURRENT_TIMESTAMP
) ENGINE=InnoDB DEFAULT CHARSET=utf8mb4 COLLATE=utf8mb4_unicode_ci;

-- --------------------------------------------------------

--
-- Struktur dari tabel `kecamatan`
--

CREATE TABLE `kecamatan` (
  `id` tinyint(3) UNSIGNED NOT NULL,
  `kecamatan` varchar(50) COLLATE utf8mb4_unicode_ci NOT NULL,
  `created_at` timestamp NULL DEFAULT NULL,
  `updated_at` timestamp NULL DEFAULT NULL
) ENGINE=InnoDB DEFAULT CHARSET=utf8mb4 COLLATE=utf8mb4_unicode_ci;

--
-- Dumping data untuk tabel `kecamatan`
--

INSERT INTO `kecamatan` (`id`, `kecamatan`, `created_at`, `updated_at`) VALUES
(1, 'Kecamatan Binakal', '2020-03-31 02:17:00', '2020-03-31 02:17:00'),
(2, 'Kecamatan Bondowoso', '2020-03-31 02:17:00', '2020-03-31 02:17:00'),
(3, 'Kecamatan Botolinggo', '2020-03-31 02:17:00', '2020-03-31 02:17:00'),
(4, 'Kecamatan Cermee', '2020-03-31 02:17:00', '2020-03-31 02:17:00'),
(5, 'Kecamatan Curahdami', '2020-03-31 02:17:00', '2020-03-31 02:17:00'),
(6, 'Kecamatan Grujugan', '2020-03-31 02:17:00', '2020-03-31 02:17:00'),
(7, 'Kecamatan Jambesari', '2020-03-31 02:17:00', '2020-03-31 02:17:00'),
(8, 'Kecamatan Klabang', '2020-03-31 02:17:00', '2020-03-31 02:17:00'),
(9, 'Kecamatan Maesan', '2020-03-31 02:17:00', '2020-03-31 02:17:00'),
(10, 'Kecamatan Pakem', '2020-03-31 02:17:00', '2020-03-31 02:17:00'),
(11, 'Kecamatan Prajekan', '2020-03-31 02:17:00', '2020-03-31 02:17:00'),
(12, 'Kecamatan Pujer', '2020-03-31 02:17:00', '2020-03-31 02:17:00'),
(13, 'Kecamatan Sempol', '2020-03-31 02:17:00', '2020-03-31 02:17:00'),
(14, 'Kecamatan Sukosari', '2020-03-31 02:17:00', '2020-03-31 02:17:00'),
(15, 'Kecamatan Sumberwringin', '2020-03-31 02:17:00', '2020-03-31 02:17:00'),
(16, 'Kecamatan Tamankrocok', '2020-03-31 02:17:00', '2020-03-31 02:17:00'),
(17, 'Kecamatan Tamanan', '2020-03-31 02:17:00', '2020-03-31 02:17:00'),
(18, 'Kecamatan Tapen', '2020-03-31 02:17:00', '2020-03-31 02:17:00'),
(19, 'Kecamatan Tegalampel', '2020-03-31 02:17:00', '2020-03-31 02:17:00'),
(20, 'Kecamatan Tenggarang', '2020-03-31 02:17:00', '2020-03-31 02:17:00'),
(21, 'Kecamatan Tlogosari', '2020-03-31 02:17:00', '2020-03-31 02:17:00'),
(22, 'Kecamatan Wonosari', '2020-03-31 02:17:00', '2020-03-31 02:17:00'),
(23, 'Kecamatan Wringin', '2020-03-31 02:17:00', '2020-03-31 02:17:00');

-- --------------------------------------------------------

--
-- Struktur dari tabel `kumulatif`
--

CREATE TABLE `kumulatif` (
  `id` int(10) UNSIGNED NOT NULL,
  `tgl_awal_pe` date DEFAULT NULL,
  `nama` varchar(70) COLLATE utf8mb4_unicode_ci NOT NULL,
  `nik` varchar(20) COLLATE utf8mb4_unicode_ci DEFAULT NULL,
  `usia` tinyint(4) NOT NULL,
  `gender` enum('L','P') COLLATE utf8mb4_unicode_ci NOT NULL,
  `alamat` text COLLATE utf8mb4_unicode_ci NOT NULL,
  `kecamatan_id` tinyint(3) UNSIGNED DEFAULT NULL,
  `kebangsaan` varchar(50) COLLATE utf8mb4_unicode_ci NOT NULL,
  `kab_asal` varchar(50) COLLATE utf8mb4_unicode_ci NOT NULL,
  `tgl_mulai_sakit` date DEFAULT NULL,
  `gejala` varchar(50) COLLATE utf8mb4_unicode_ci DEFAULT NULL,
  `kriteria_kasus` enum('ODR','ODP','PDP','Positif') COLLATE utf8mb4_unicode_ci NOT NULL,
  `dirawat_di_rs` enum('Y','T') COLLATE utf8mb4_unicode_ci NOT NULL,
  `rs_yg_merawat` varchar(50) COLLATE utf8mb4_unicode_ci DEFAULT NULL,
  `faktor_resiko` text COLLATE utf8mb4_unicode_ci,
  `diagnosis` varchar(50) COLLATE utf8mb4_unicode_ci DEFAULT NULL,
  `ambil_spesimen` enum('Tidak','Sudah','Belum') COLLATE utf8mb4_unicode_ci NOT NULL,
  `tgl_ambil_spesimen` date DEFAULT NULL,
  `lab_pemeriksa` varchar(100) COLLATE utf8mb4_unicode_ci DEFAULT NULL,
  `no_rm` varchar(30) COLLATE utf8mb4_unicode_ci DEFAULT NULL,
  `hasil_pemeriksaan` text COLLATE utf8mb4_unicode_ci,
  `keterangan` enum('0','Masih Dirawat','Sembuh','Meninggal Karena Positif','Meninggal Karena Faktor Lain','Selesai Pemantauan','PDP Telah Sembuh','Isolasi Mandiri') COLLATE utf8mb4_unicode_ci DEFAULT NULL,
  `puskesmas_id` tinyint(3) UNSIGNED DEFAULT NULL,
  `user_id` tinyint(3) UNSIGNED DEFAULT NULL,
  `created_at` timestamp NULL DEFAULT NULL,
  `updated_at` timestamp NULL DEFAULT NULL,
  `status` enum('0','1') COLLATE utf8mb4_unicode_ci NOT NULL DEFAULT '1'
) ENGINE=InnoDB DEFAULT CHARSET=utf8mb4 COLLATE=utf8mb4_unicode_ci;

--
-- Dumping data untuk tabel `kumulatif`
--

INSERT INTO `kumulatif` (`id`, `tgl_awal_pe`, `nama`, `nik`, `usia`, `gender`, `alamat`, `kecamatan_id`, `kebangsaan`, `kab_asal`, `tgl_mulai_sakit`, `gejala`, `kriteria_kasus`, `dirawat_di_rs`, `rs_yg_merawat`, `faktor_resiko`, `diagnosis`, `ambil_spesimen`, `tgl_ambil_spesimen`, `lab_pemeriksa`, `no_rm`, `hasil_pemeriksaan`, `keterangan`, `puskesmas_id`, `user_id`, `created_at`, `updated_at`, `status`) VALUES
(1, '2020-03-10', 'HANARI', NULL, 42, 'L', 'DESA KALIGEDANG', 13, 'INDONESIA', 'BONDOWOSO', '0000-00-00', NULL, 'ODP', 'T', NULL, 'WALI 5', 'SAKIT TENGGOROKAN, BATUK, PILEK', 'Tidak', '0000-00-00', NULL, NULL, NULL, NULL, 21, 1, '2020-04-13 06:00:00', '2020-04-13 06:00:00', '1'),
(2, '2020-03-10', 'HASAMO', NULL, 55, 'L', 'DESA SUMBEREJO', 13, 'INDONESIA', 'BONDOWOSO', '0000-00-00', NULL, 'ODP', 'T', NULL, 'ARAB SAUDI', 'SAKIT TENGGOROKAN, BATUK, PILEK', 'Tidak', '0000-00-00', NULL, NULL, NULL, NULL, 21, 1, '2020-04-13 06:00:00', '2020-04-13 06:00:00', '1'),
(3, '2020-03-20', 'MISNATUN', NULL, 43, 'P', 'DESA SUMBEREJO', 13, 'INDONESIA', 'BONDOWOSO', '0000-00-00', NULL, 'ODP', 'T', NULL, 'WALI 5', 'BATUK, PILEK', 'Tidak', '0000-00-00', NULL, NULL, NULL, NULL, 21, 1, '2020-04-13 06:00:00', '2020-04-13 06:00:00', '1'),
(4, '2020-03-18', 'YUSDIANAN INDARTIN SUGIANTO', NULL, 54, 'P', 'JL. A YANI RT 8 / RW 3 NANGKAAN', 2, 'INDONESIA', 'BONDOWOSO', '0000-00-00', NULL, 'ODP', 'T', NULL, 'ARAB SAUDI', 'BATUK, PILEK', 'Tidak', '0000-00-00', NULL, NULL, NULL, NULL, 12, 1, '2020-04-13 06:00:00', '2020-04-13 06:00:00', '1'),
(5, '2020-03-18', 'SRI AYATI', NULL, 63, 'P', 'PERUM PBI BLOK RT 17 / RW 5', 2, 'INDONESIA', 'BONDOWOSO', '0000-00-00', NULL, 'ODP', 'T', NULL, 'ARAB SAUDI', 'BATUK, PILEK', 'Tidak', '0000-00-00', NULL, NULL, NULL, NULL, 12, 1, '2020-04-13 06:00:00', '2020-04-13 06:00:00', '1'),
(6, '2020-03-19', 'AINUL CHUYATUL W', NULL, 41, 'P', 'PANCORAN 36/13 BONDOWOSO', 2, 'INDONESIA', 'BONDOWOSO', '0000-00-00', NULL, 'ODP', 'T', NULL, 'MALAYSIA', 'BATUK, PILEK', 'Tidak', '0000-00-00', NULL, NULL, NULL, NULL, 12, 1, '2020-04-13 06:00:00', '2020-04-13 06:00:00', '1'),
(7, '2020-03-19', 'ASMAWATI', NULL, 36, 'P', 'JL. A YANI GG. BAHAGIA RT 23 / RW 4 BADEAN', 2, 'INDONESIA', 'BONDOWOSO', '0000-00-00', NULL, 'ODP', 'T', NULL, 'YOGYAKARTA', 'SAKIT TENGGOROKAN', 'Tidak', '0000-00-00', NULL, NULL, NULL, NULL, 12, 1, '2020-04-13 06:00:00', '2020-04-13 06:00:00', '1'),
(8, '2020-03-09', 'JAMAL', NULL, 64, 'L', 'SUMBER GADING 20 / 3', 15, 'INDONESIA', 'BONDOWOSO', '0000-00-00', NULL, 'ODP', 'T', NULL, 'ARAB SAUDI', 'DEMAM, BATUK, PILEK', 'Tidak', '0000-00-00', NULL, NULL, NULL, NULL, 8, 1, '2020-04-13 06:00:00', '2020-04-13 06:00:00', '1'),
(9, '2020-03-10', 'RIBUT HASIYADI', NULL, 43, 'L', 'SUMBER GADING 1 / 2', 15, 'INDONESIA', 'BONDOWOSO', '0000-00-00', NULL, 'ODP', 'Y', 'RSU KOESNADI', 'SURABAYA', 'TB MILIER', 'Tidak', '0000-00-00', NULL, NULL, NULL, NULL, 8, 1, '2020-04-13 06:00:00', '2020-04-13 06:00:00', '1'),
(10, '2020-03-15', 'SAHATI', NULL, 38, 'P', 'TEGAL JATI 29 / 5', 15, 'INDONESIA', 'BONDOWOSO', '0000-00-00', NULL, 'ODP', 'T', NULL, 'MALAYSIA', 'BATUK', 'Tidak', '0000-00-00', NULL, NULL, NULL, NULL, 8, 1, '2020-04-13 06:00:00', '2020-04-13 06:00:00', '1'),
(11, '2020-03-18', 'NAFIK', NULL, 26, 'L', 'TEGAL JATI 29 / 5', 15, 'INDONESIA', 'BONDOWOSO', '0000-00-00', NULL, 'ODP', 'T', NULL, 'BALI', 'BATUK, PILEK', 'Tidak', '0000-00-00', NULL, NULL, NULL, NULL, 8, 1, '2020-04-13 06:00:00', '2020-04-13 06:00:00', '1'),
(12, '2020-03-17', 'SAIFULLAH', NULL, 35, 'L', 'desa blimbing RT 7', 8, 'INDONESIA', 'BONDOWOSO', '0000-00-00', NULL, 'ODP', 'T', NULL, 'BALI', 'PILEK', 'Tidak', '0000-00-00', NULL, NULL, NULL, NULL, 25, 1, '2020-04-13 06:00:00', '2020-04-13 06:00:00', '1'),
(13, '2020-03-19', 'ASNAWI', NULL, 49, 'P', 'desa wonoboyo rt.15', 8, 'INDONESIA', 'BONDOWOSO', '0000-00-00', NULL, 'ODP', 'T', NULL, 'SURABAYA', 'BATUK, PILEK', 'Tidak', '0000-00-00', NULL, NULL, NULL, NULL, 25, 1, '2020-04-13 06:00:00', '2020-04-13 06:00:00', '1'),
(14, '2020-03-19', 'NISARI', NULL, 46, 'P', 'desa wonoboyo rt.13', 8, 'INDONESIA', 'BONDOWOSO', '0000-00-00', NULL, 'ODP', 'T', NULL, 'WALI 9', 'BATUK', 'Tidak', '0000-00-00', NULL, NULL, NULL, NULL, 25, 1, '2020-04-13 06:00:00', '2020-04-13 06:00:00', '1'),
(15, '2020-03-12', 'NISA', NULL, 72, 'P', 'WONOSARI RT. 03', 6, 'INDONESIA', 'BONDOWOSO', '0000-00-00', NULL, 'ODP', 'T', NULL, 'ARAB SAUDI', 'BATUK LAMA, DYSPNOE', 'Tidak', '0000-00-00', NULL, NULL, NULL, NULL, 2, 1, '2020-04-13 06:00:00', '2020-04-13 06:00:00', '1'),
(16, '2020-03-18', 'FENDI', NULL, 28, 'L', 'GRUJUGAN KIDUL RT. 18', 6, 'INDONESIA', 'BONDOWOSO', '0000-00-00', NULL, 'ODP', 'T', NULL, 'BALI', 'BATUK, PILEK', 'Tidak', '0000-00-00', NULL, NULL, NULL, NULL, 2, 1, '2020-04-13 06:00:00', '2020-04-13 06:00:00', '1'),
(17, '2020-03-18', 'RAODA', NULL, 42, 'P', 'BENDELAN ', 1, 'INDONESIA', 'BONDOWOSO', '0000-00-00', NULL, 'ODP', 'T', NULL, 'WALI 9', 'BATUK, SESAK', 'Tidak', '0000-00-00', NULL, NULL, NULL, NULL, 16, 1, '2020-04-13 06:00:00', '2020-04-13 06:00:00', '1'),
(18, '2020-03-18', 'MAATI', NULL, 60, 'P', 'BENDELAN ', 1, 'INDONESIA', 'BONDOWOSO', '0000-00-00', NULL, 'ODP', 'T', NULL, 'WALI 9', 'BATUK, SESAK', 'Tidak', '0000-00-00', NULL, NULL, NULL, NULL, 16, 1, '2020-04-13 06:00:00', '2020-04-13 06:00:00', '1'),
(19, '2020-03-19', 'MUFID', NULL, 49, 'L', 'BENDELAN ', 1, 'INDONESIA', 'BONDOWOSO', '0000-00-00', NULL, 'ODP', 'T', NULL, 'WALI 5', 'SESAK', 'Tidak', '0000-00-00', NULL, NULL, NULL, NULL, 16, 1, '2020-04-13 06:00:00', '2020-04-13 06:00:00', '1'),
(20, '2020-03-19', 'FAIZUZ', NULL, 9, 'L', 'BENDELAN ', 1, 'INDONESIA', 'BONDOWOSO', '0000-00-00', NULL, 'ODP', 'T', NULL, 'WALI 5', 'BATUK', 'Tidak', '0000-00-00', NULL, NULL, NULL, NULL, 16, 1, '2020-04-13 06:00:00', '2020-04-13 06:00:00', '1'),
(21, '2020-03-19', 'HALILI', NULL, 34, 'L', 'BENDELAN ', 1, 'INDONESIA', 'BONDOWOSO', '0000-00-00', NULL, 'ODP', 'T', NULL, 'WALI 5', 'SAKIT TENGGOROKAN', 'Tidak', '0000-00-00', NULL, NULL, NULL, NULL, 16, 1, '2020-04-13 06:00:00', '2020-04-13 06:00:00', '1'),
(22, '2020-03-19', 'AMSARI', NULL, 62, 'L', 'BENDELAN ', 1, 'INDONESIA', 'BONDOWOSO', '0000-00-00', NULL, 'ODP', 'T', NULL, 'WALI 5', 'BATUK', 'Tidak', '0000-00-00', NULL, NULL, NULL, NULL, 16, 1, '2020-04-13 06:00:00', '2020-04-13 06:00:00', '1'),
(23, '2020-03-19', 'DEWI/B.KIB', NULL, 60, 'P', 'BENDELAN ', 1, 'INDONESIA', 'BONDOWOSO', '0000-00-00', NULL, 'ODP', 'T', NULL, 'WALI 5', 'SAKIT TENGGOROKAN, BATUK, PILEK, SESAK', 'Tidak', '0000-00-00', NULL, NULL, NULL, NULL, 16, 1, '2020-04-13 06:00:00', '2020-04-13 06:00:00', '1'),
(24, '2020-03-19', 'BAIHAKI', NULL, 30, 'L', 'BENDELAN ', 1, 'INDONESIA', 'BONDOWOSO', '0000-00-00', NULL, 'ODP', 'T', NULL, 'WALI 5', 'DEMAM, BATUK, PILEK, SESAK', 'Tidak', '0000-00-00', NULL, NULL, NULL, NULL, 16, 1, '2020-04-13 06:00:00', '2020-04-13 06:00:00', '1'),
(25, '2020-03-13', 'Miswati', NULL, 45, 'L', 'Bercak Asri Rt', 4, 'INDONESIA', 'BONDOWOSO', '0000-00-00', NULL, 'ODP', 'T', NULL, 'MALAYSIA', 'SAKIT TENGGOROKAN, BATUK, PILEK', 'Tidak', '0000-00-00', NULL, NULL, NULL, NULL, 24, 1, '2020-04-13 06:00:00', '2020-04-13 06:00:00', '1'),
(26, '2020-03-14', 'M.Agys Absori', NULL, 6, 'L', 'Ramban Kulon Rt 10', 4, 'INDONESIA', 'BONDOWOSO', '0000-00-00', NULL, 'ODP', 'T', NULL, 'MALAYSIA', 'DEMAM, SAKIT TENGGOROKAN, BATUK, PILEK', 'Tidak', '0000-00-00', NULL, NULL, NULL, NULL, 24, 1, '2020-04-13 06:00:00', '2020-04-13 06:00:00', '1'),
(27, '2020-03-10', 'Samsul arifin', NULL, 70, 'L', 'Pelalangan rt 8', 22, 'INDONESIA', 'BONDOWOSO', '0000-00-00', NULL, 'ODP', 'T', NULL, 'ARAB SAUDI', 'DEMAM, BATUK, SESAK', 'Tidak', '0000-00-00', NULL, NULL, NULL, NULL, 10, 1, '2020-04-13 06:00:00', '2020-04-13 06:00:00', '1'),
(28, '2020-03-15', 'Muh. Gabriel', NULL, 5, 'L', 'Pelalangan rt 19', 22, 'INDONESIA', 'BONDOWOSO', '0000-00-00', NULL, 'ODP', 'T', NULL, 'BALI', 'BATUK, PILEK ', 'Tidak', '0000-00-00', NULL, NULL, NULL, NULL, 10, 1, '2020-04-13 06:00:00', '2020-04-13 06:00:00', '1'),
(29, '2020-03-15', 'Susyanto', NULL, 43, 'L', 'Pelalangan rt 16', 22, 'INDONESIA', 'BONDOWOSO', '0000-00-00', NULL, 'ODP', 'T', NULL, 'BALI', 'BATUK', 'Tidak', '0000-00-00', NULL, NULL, NULL, NULL, 10, 1, '2020-04-13 06:00:00', '2020-04-13 06:00:00', '1'),
(30, '2020-03-15', 'Angga hanura', NULL, 20, 'L', 'Pelalangan rt 9', 22, 'INDONESIA', 'BONDOWOSO', '0000-00-00', NULL, 'ODP', 'T', NULL, 'BANDUNG', 'BATUK, PILEK ', 'Tidak', '0000-00-00', NULL, NULL, NULL, NULL, 10, 1, '2020-04-13 06:00:00', '2020-04-13 06:00:00', '1'),
(31, '2020-03-15', 'Pak ika', NULL, 40, 'L', 'Tangsil wetan rt 1', 22, 'INDONESIA', 'BONDOWOSO', '0000-00-00', NULL, 'ODP', 'T', NULL, 'BALI', 'DEMAM, BATUK, SESAK', 'Tidak', '0000-00-00', NULL, NULL, NULL, NULL, 10, 1, '2020-04-13 06:00:00', '2020-04-13 06:00:00', '1'),
(32, '2020-03-20', 'Bertha', NULL, 26, 'P', 'Pasarejo', 22, 'INDONESIA', 'BONDOWOSO', '0000-00-00', NULL, 'ODP', 'T', NULL, 'MALANG', 'DEMAM, BATUK, PILEK', 'Tidak', '0000-00-00', NULL, NULL, NULL, NULL, 10, 1, '2020-04-13 06:00:00', '2020-04-13 06:00:00', '1'),
(33, '2020-03-20', 'Asnawi', NULL, 60, 'L', 'Tangsil wetan', 22, 'INDONESIA', 'BONDOWOSO', '0000-00-00', NULL, 'ODP', 'T', NULL, 'BALI', 'DEMAM, BATUK, PILEK', 'Tidak', '0000-00-00', NULL, NULL, NULL, NULL, 10, 1, '2020-04-13 06:00:00', '2020-04-13 06:00:00', '1'),
(34, '2020-03-18', 'NO SLADIN', NULL, 0, 'L', 'DESA KLABANG AGUNG', 19, 'INDONESIA', 'BONDOWOSO', '0000-00-00', NULL, 'ODP', 'T', NULL, 'WALI 9', 'BATUK, PILEK', 'Tidak', '0000-00-00', NULL, NULL, NULL, NULL, 19, 1, '2020-04-13 06:00:00', '2020-04-13 06:00:00', '1'),
(35, '2020-03-20', 'ABDUL WARIS', NULL, 18, 'L', 'DESA KLABANG RT 14 RW 6', 19, 'INDONESIA', 'BONDOWOSO', '0000-00-00', NULL, 'ODP', 'T', NULL, 'WALI 9', 'BATUK', 'Tidak', '0000-00-00', NULL, NULL, NULL, NULL, 19, 1, '2020-04-13 06:00:00', '2020-04-13 06:00:00', '1'),
(36, '2020-03-16', 'JUMAATI', NULL, 70, 'P', 'DESA WRINGIN', 23, 'INDONESIA', 'BONDOWOSO', '0000-00-00', NULL, 'ODP', 'T', NULL, 'ARAB SAUDI', 'BATUK', 'Tidak', '0000-00-00', NULL, NULL, NULL, NULL, 18, 1, '2020-04-13 06:00:00', '2020-04-13 06:00:00', '1'),
(37, '2020-03-16', 'MANSUR', NULL, 53, 'L', 'DESA GUBRIH', 23, 'INDONESIA', 'BONDOWOSO', '0000-00-00', NULL, 'ODP', 'T', NULL, 'ARAB SAUDI', 'BATUK, PILEK', 'Tidak', '0000-00-00', NULL, NULL, NULL, NULL, 18, 1, '2020-04-13 06:00:00', '2020-04-13 06:00:00', '1'),
(38, '2020-03-16', 'HANIFAH', NULL, 44, 'P', 'DESA GUBRIH', 23, 'INDONESIA', 'BONDOWOSO', '0000-00-00', NULL, 'ODP', 'T', NULL, 'ARAB SAUDI', 'BATUK, PILEK', 'Tidak', '0000-00-00', NULL, NULL, NULL, NULL, 18, 1, '2020-04-13 06:00:00', '2020-04-13 06:00:00', '1'),
(39, '2020-03-05', 'SAHA', NULL, 62, 'L', 'KEMUNINGAN', 16, 'INDONESIA', 'BONDOWOSO', '0000-00-00', NULL, 'ODP', 'T', NULL, 'ARAB SAUDI', 'BATUK', 'Tidak', '0000-00-00', NULL, NULL, NULL, NULL, 20, 1, '2020-04-13 06:00:00', '2020-04-13 06:00:00', '1'),
(40, '2020-03-17', 'MISDIN', NULL, 66, 'L', 'KEMUNINGAN', 16, 'INDONESIA', 'BONDOWOSO', '0000-00-00', NULL, 'ODP', 'T', NULL, 'ARAB SAUDI', 'BATUK, PILEK', 'Tidak', '0000-00-00', NULL, NULL, NULL, NULL, 20, 1, '2020-04-13 06:00:00', '2020-04-13 06:00:00', '1'),
(41, '2020-03-18', 'NAHRUL', NULL, 40, 'L', 'PAGUAN', 16, 'INDONESIA', 'BONDOWOSO', '0000-00-00', NULL, 'ODP', 'T', NULL, 'BALI', 'DEMAM, BATUK, PILEK', 'Tidak', '0000-00-00', NULL, NULL, NULL, NULL, 20, 1, '2020-04-13 06:00:00', '2020-04-13 06:00:00', '1'),
(42, '2020-03-18', 'WIWIK', NULL, 38, 'P', 'PAGUAN', 16, 'INDONESIA', 'BONDOWOSO', '0000-00-00', NULL, 'ODP', 'T', NULL, 'BALI', 'DEMAM', 'Tidak', '0000-00-00', NULL, NULL, NULL, NULL, 20, 1, '2020-04-13 06:00:00', '2020-04-13 06:00:00', '1'),
(43, '2020-03-21', 'Munali', NULL, 60, 'L', 'Traktakan RT 8 RW 3', 22, 'INDONESIA', 'BONDOWOSO', '0000-00-00', NULL, 'ODP', 'T', NULL, 'ARAB SAUDI', 'DEMAM, BATUK, PILEK', 'Tidak', '0000-00-00', NULL, NULL, NULL, NULL, 10, 1, '2020-04-13 06:00:00', '2020-04-13 06:00:00', '1'),
(44, '2020-03-21', 'B. Munali', NULL, 55, 'P', 'Traktakan RT 8 RW 4', 22, 'INDONESIA', 'BONDOWOSO', '0000-00-00', NULL, 'ODP', 'T', NULL, 'ARAB SAUDI', 'DEMAM, BATUK, PILEK', 'Tidak', '0000-00-00', NULL, NULL, NULL, NULL, 10, 1, '2020-04-13 06:00:00', '2020-04-13 06:00:00', '1'),
(45, '2020-03-06', 'Naksar', NULL, 65, 'L', 'cindogo', 18, 'INDONESIA', 'BONDOWOSO', '0000-00-00', NULL, 'ODP', 'T', NULL, 'ARAB SAUDI', 'BATUK, PILEK', 'Tidak', '0000-00-00', NULL, NULL, NULL, NULL, 9, 1, '2020-04-13 06:00:00', '2020-04-13 06:00:00', '1'),
(46, '2020-03-18', 'Suhardi', NULL, 50, 'L', 'Taal', 18, 'INDONESIA', 'BONDOWOSO', '0000-00-00', NULL, 'ODP', 'T', NULL, 'LONDON', 'DEMAM', 'Tidak', '0000-00-00', NULL, NULL, NULL, NULL, 9, 1, '2020-04-13 06:00:00', '2020-04-13 06:00:00', '1'),
(47, '2020-03-20', 'ANFAL HAIRUL LUKMAN', NULL, 44, 'L', 'DS. SUKOWIRYO RT 13 / RW 4', 2, 'INDONESIA', 'BONDOWOSO', '0000-00-00', NULL, 'ODP', 'T', NULL, 'BALI', 'DEMAM, BATUK, SESAK', 'Tidak', '0000-00-00', NULL, NULL, NULL, NULL, 12, 1, '2020-04-13 06:00:00', '2020-04-13 06:00:00', '1'),
(48, '2020-03-20', 'SUHARTINA', NULL, 40, 'P', 'BENDELAN', 1, 'INDONESIA', 'BONDOWOSO', '0000-00-00', NULL, 'ODP', 'T', NULL, 'BALI', 'BATUK', 'Tidak', '0000-00-00', NULL, NULL, NULL, NULL, 16, 1, '2020-04-13 06:00:00', '2020-04-13 06:00:00', '1'),
(49, '2020-03-17', 'NY.SALWA', NULL, 42, 'P', 'CURAHDAMI RT 08/02', 5, 'INDONESIA', 'BONDOWOSO', '0000-00-00', NULL, 'ODP', 'T', NULL, 'ARAB SAUDI', 'BATUK', 'Tidak', '0000-00-00', NULL, NULL, NULL, NULL, 15, 1, '2020-04-13 06:00:00', '2020-04-13 06:00:00', '1'),
(50, '2020-03-17', 'TN.FADIL ISMAIL', NULL, 44, 'L', 'CURAHDAMI RT 08/03', 5, 'INDONESIA', 'BONDOWOSO', '0000-00-00', NULL, 'ODP', 'T', NULL, 'ARAB SAUDI', 'BATUK,PILEK,NYERI TELAN', 'Tidak', '0000-00-00', NULL, NULL, NULL, NULL, 15, 1, '2020-04-13 06:00:00', '2020-04-13 06:00:00', '1'),
(51, '2020-03-20', 'Lutviani', NULL, 62, 'P', 'Cermee rt 18', 4, 'INDONESIA', 'BONDOWOSO', '0000-00-00', NULL, 'ODP', 'T', NULL, 'BALI', 'DEMAM, BATUK, SESAK', 'Tidak', '0000-00-00', NULL, NULL, NULL, NULL, 24, 1, '2020-04-13 06:00:00', '2020-04-13 06:00:00', '1'),
(52, '2020-03-20', 'SITI ROCHANI', NULL, 32, 'P', 'PERUM PERINTIS BONDOWOSO', 8, 'INDONESIA', 'BONDOWOSO', '0000-00-00', NULL, 'ODP', 'T', NULL, 'MALANG', 'PANAS, NYERI TENGGOROKAN', 'Tidak', '0000-00-00', NULL, NULL, NULL, NULL, 25, 1, '2020-04-13 06:00:00', '2020-04-13 06:00:00', '1'),
(53, '2020-03-21', 'IRUS', NULL, 42, 'P', 'BESUK RT09', 8, 'INDONESIA', 'BONDOWOSO', '0000-00-00', NULL, 'ODP', 'T', NULL, 'SURABAYA', 'BATUK, PILEK', 'Tidak', '0000-00-00', NULL, NULL, NULL, NULL, 25, 1, '2020-04-13 06:00:00', '2020-04-13 06:00:00', '1'),
(54, '2020-03-21', 'INTAN MUJI PENI', NULL, 43, 'P', 'SUMBERSUKO RT 02', 8, 'INDONESIA', 'BONDOWOSO', '0000-00-00', NULL, 'ODP', 'T', NULL, 'MALANG', 'BATUK, PILEK', 'Tidak', '0000-00-00', NULL, NULL, NULL, NULL, 25, 1, '2020-04-13 06:00:00', '2020-04-13 06:00:00', '1'),
(55, '2020-03-21', 'Risa', NULL, 25, 'P', 'Sumbersari Maesan', 9, 'INDONESIA', 'BONDOWOSO', '0000-00-00', NULL, 'ODP', 'T', NULL, 'SURABAYA', 'BATUK, PILEK', 'Tidak', '0000-00-00', NULL, NULL, NULL, NULL, 1, 1, '2020-04-13 06:00:00', '2020-04-13 06:00:00', '1'),
(56, '2020-03-22', 'Busaeri', NULL, 38, 'L', 'Tumpeng', 22, 'INDONESIA', 'BONDOWOSO', '0000-00-00', NULL, 'ODP', 'T', NULL, 'JAKARTA', 'DEMAM,BATUK,PILEK', 'Tidak', '0000-00-00', NULL, NULL, NULL, NULL, 10, 1, '2020-04-13 06:00:00', '2020-04-13 06:00:00', '1'),
(57, '2020-03-21', 'RAMA', NULL, 19, 'L', 'PERUM PBI BLOK A RT 17 / RW 5', 2, 'INDONESIA', 'BONDOWOSO', '0000-00-00', NULL, 'ODP', 'T', NULL, 'MALANG', 'DEMAM, BATUK, PILEK,', 'Tidak', '0000-00-00', NULL, NULL, NULL, NULL, 12, 1, '2020-04-13 06:00:00', '2020-04-13 06:00:00', '1'),
(58, '2020-03-21', 'MEILANY EKA AFRIANTY', NULL, 18, 'P', 'JL. LETNAN RANTAM RT 34 / RW 7, BADEAN', 2, 'INDONESIA', 'BONDOWOSO', '0000-00-00', NULL, 'ODP', 'T', NULL, 'SURABAYA', 'DEMAM, BATUK, SAKIT TENGGOROKAN', 'Tidak', '0000-00-00', NULL, NULL, NULL, NULL, 12, 1, '2020-04-13 06:00:00', '2020-04-13 06:00:00', '1'),
(59, '2020-03-22', 'ABDUL HARI', NULL, 49, 'L', 'DESA GUBRIH', 23, 'INDONESIA', 'BONDOWOSO', '0000-00-00', NULL, 'ODP', 'T', NULL, 'BALI', 'BATUK, PILEK', 'Tidak', '0000-00-00', NULL, NULL, NULL, NULL, 18, 1, '2020-04-13 06:00:00', '2020-04-13 06:00:00', '1'),
(60, '2020-03-02', 'lucky agnestiar Angraeni\n', NULL, 29, 'P', 'Tamansari', 2, 'INDONESIA', 'BONDOWOSO', '0000-00-00', NULL, 'ODP', 'T', NULL, 'ARAB SAUDI', NULL, 'Tidak', '0000-00-00', NULL, NULL, NULL, NULL, 14, 1, '2020-04-13 06:00:00', '2020-04-13 06:00:00', '1'),
(61, '2020-03-02', 'Oky Miftahul mufli', NULL, 31, 'L', 'Tamansari', 2, 'INDONESIA', 'BONDOWOSO', '0000-00-00', NULL, 'ODP', 'T', NULL, 'ARAB SAUDI', NULL, 'Tidak', '0000-00-00', NULL, NULL, NULL, NULL, 14, 1, '2020-04-13 06:00:00', '2020-04-13 06:00:00', '1'),
(62, '2020-03-02', 'jumaati', NULL, 52, 'P', 'Tamansari', 2, 'INDONESIA', 'BONDOWOSO', '0000-00-00', NULL, 'ODP', 'T', NULL, 'ARAB SAUDI', NULL, 'Tidak', '0000-00-00', NULL, NULL, NULL, NULL, 14, 1, '2020-04-13 06:00:00', '2020-04-13 06:00:00', '1'),
(63, '2020-03-02', 'Siti hamidah', NULL, 67, 'P', 'Tamansari', 2, 'INDONESIA', 'BONDOWOSO', '0000-00-00', NULL, 'ODP', 'T', NULL, 'ARAB SAUDI', NULL, 'Tidak', '0000-00-00', NULL, NULL, NULL, NULL, 14, 1, '2020-04-13 06:00:00', '2020-04-13 06:00:00', '1'),
(64, '2020-03-04', 'Arip Teguh Yulianto', NULL, 33, 'L', 'Pejaten RT 14', 2, 'INDONESIA', 'BONDOWOSO', '0000-00-00', NULL, 'ODP', 'T', NULL, 'ARAB SAUDI', NULL, 'Tidak', '0000-00-00', NULL, NULL, NULL, NULL, 14, 1, '2020-04-13 06:00:00', '2020-04-13 06:00:00', '1'),
(65, '2020-03-04', 'Yussi Amalia Eka Pratiwi', NULL, 31, 'P', 'Pejaten RT 14', 2, 'INDONESIA', 'BONDOWOSO', '0000-00-00', NULL, 'ODP', 'T', NULL, 'ARAB SAUDI', NULL, 'Tidak', '0000-00-00', NULL, NULL, NULL, NULL, 14, 1, '2020-04-13 06:00:00', '2020-04-13 06:00:00', '1'),
(66, '2020-03-02', 'B. Swamna', NULL, 55, 'P', 'Pejaten RT 12', 2, 'INDONESIA', 'BONDOWOSO', '0000-00-00', NULL, 'ODP', 'T', NULL, 'ARAB SAUDI', NULL, 'Tidak', '0000-00-00', NULL, NULL, NULL, NULL, 14, 1, '2020-04-13 06:00:00', '2020-04-13 06:00:00', '1'),
(67, '2020-03-20', 'P AHMAD', NULL, 40, 'L', 'PEJATEN RT 18/ 03', 2, 'INDONESIA', 'BONDOWOSO', '0000-00-00', NULL, 'ODP', 'T', NULL, 'BALI', NULL, 'Tidak', '0000-00-00', NULL, NULL, NULL, NULL, 14, 1, '2020-04-13 06:00:00', '2020-04-13 06:00:00', '1'),
(68, '2020-03-22', 'MIFTAHUL FARIED', NULL, 27, 'L', 'PONCOGATI RT 11/05', 5, 'INDONESIA', 'BONDOWOSO', '0000-00-00', NULL, 'ODP', 'T', NULL, 'SURABAYA', 'BATUK,DEMAM', 'Tidak', '0000-00-00', NULL, NULL, NULL, NULL, 15, 1, '2020-04-13 06:00:00', '2020-04-13 06:00:00', '1'),
(69, '2020-03-22', 'IKA MAYA', NULL, 35, 'P', 'PETUNG RT 04', 5, 'INDONESIA', 'BONDOWOSO', '0000-00-00', NULL, 'ODP', 'T', NULL, 'MALANG', 'BATUK,SESAK', 'Tidak', '0000-00-00', NULL, NULL, NULL, NULL, 15, 1, '2020-04-13 06:00:00', '2020-04-13 06:00:00', '1'),
(70, '2020-03-21', 'TN.LASWI', NULL, 35, 'L', 'PAKUWESI RT 02/01', 5, 'INDONESIA', 'BONDOWOSO', '0000-00-00', NULL, 'ODP', 'T', NULL, 'BALI', 'BATUK ,PILEK', 'Tidak', '0000-00-00', NULL, NULL, NULL, NULL, 15, 1, '2020-04-13 06:00:00', '2020-04-13 06:00:00', '1'),
(71, '2020-03-23', 'Devi', NULL, 24, 'P', 'DESA SEMPOL', 13, 'INDONESIA', 'BONDOWOSO', '0000-00-00', NULL, 'ODP', 'T', NULL, 'YOGYAKARTA', 'BATUK, PILEK', 'Tidak', '0000-00-00', NULL, NULL, NULL, NULL, 21, 1, '2020-04-13 06:00:00', '2020-04-13 06:00:00', '1'),
(72, '2020-03-23', 'b. mulyani', NULL, 0, 'P', 'Kalitapen', 18, 'INDONESIA', 'BONDOWOSO', '0000-00-00', NULL, 'ODP', 'T', NULL, 'BALI', 'ISPA', 'Tidak', '0000-00-00', NULL, NULL, NULL, NULL, 9, 1, '2020-04-13 06:00:00', '2020-04-13 06:00:00', '1'),
(73, '2020-03-23', 'Tarwiyono', NULL, 0, 'L', 'Tapen', 18, 'INDONESIA', 'BONDOWOSO', '0000-00-00', NULL, 'ODP', 'T', NULL, 'BALI', 'ISPA', 'Tidak', '0000-00-00', NULL, NULL, NULL, NULL, 9, 1, '2020-04-13 06:00:00', '2020-04-13 06:00:00', '1'),
(74, '2020-03-23', 'SARKAWI', NULL, 35, 'L', 'KERANG RT 11', 14, 'INDONESIA', 'BONDOWOSO', '0000-00-00', NULL, 'ODP', 'T', NULL, 'BALI', NULL, 'Tidak', '0000-00-00', NULL, NULL, NULL, NULL, 7, 1, '2020-04-13 06:00:00', '2020-04-13 06:00:00', '1'),
(75, '2020-03-23', 'SAMSUDIN', NULL, 34, 'L', 'TAMAN', 16, 'INDONESIA', 'BONDOWOSO', '0000-00-00', NULL, 'ODP', 'T', NULL, 'BALI', 'PILEK', 'Tidak', '0000-00-00', NULL, NULL, NULL, NULL, 20, 1, '2020-04-13 06:00:00', '2020-04-13 06:00:00', '1'),
(76, '2020-03-23', 'BUDI', NULL, 44, 'L', 'TAMAN', 16, 'INDONESIA', 'BONDOWOSO', '0000-00-00', NULL, 'ODP', 'T', NULL, 'BALI', 'BATUK', 'Tidak', '0000-00-00', NULL, NULL, NULL, NULL, 20, 1, '2020-04-13 06:00:00', '2020-04-13 06:00:00', '1'),
(77, '2020-03-23', 'ISMANTO', NULL, 56, 'L', 'DUMPYONG RT 7', 10, 'INDONESIA', 'BONDOWOSO', '0000-00-00', NULL, 'ODP', 'T', NULL, 'ARAB SAUDI', 'ISPA ', 'Tidak', '0000-00-00', NULL, NULL, NULL, NULL, 17, 1, '2020-04-13 06:00:00', '2020-04-13 06:00:00', '1'),
(78, '2020-03-23', 'LUPSUL JANNAH', NULL, 21, 'P', 'PAKEM RT 1', 10, 'INDONESIA', 'BONDOWOSO', '0000-00-00', NULL, 'ODP', 'T', NULL, 'ARAB SAUDI', 'ISPA ', 'Tidak', '0000-00-00', NULL, NULL, NULL, NULL, 17, 1, '2020-04-13 06:00:00', '2020-04-13 06:00:00', '1'),
(79, '2020-03-23', 'Toyami', NULL, 59, 'P', 'Desa Lumutan', 3, 'INDONESIA', 'BONDOWOSO', '0000-00-00', NULL, 'ODP', 'T', NULL, 'WALI 9', 'BATUK,PILEK', 'Tidak', '0000-00-00', NULL, NULL, NULL, NULL, 22, 1, '2020-04-13 06:00:00', '2020-04-13 06:00:00', '1'),
(80, '2020-03-23', 'Sartika ', NULL, 20, 'P', 'Desa Gayam Lor', 3, 'INDONESIA', 'BONDOWOSO', '0000-00-00', NULL, 'ODP', 'T', NULL, 'BALI', 'DEMAM', 'Tidak', '0000-00-00', NULL, NULL, NULL, NULL, 22, 1, '2020-04-13 06:00:00', '2020-04-13 06:00:00', '1'),
(81, '2020-03-23', 'ALI DAMANHURI', NULL, 24, 'L', 'DESA WRINGIN', 23, 'INDONESIA', 'BONDOWOSO', '0000-00-00', NULL, 'ODP', 'T', NULL, 'MALANG', 'BATUK', 'Tidak', '0000-00-00', NULL, NULL, NULL, NULL, 18, 1, '2020-04-13 06:00:00', '2020-04-13 06:00:00', '1'),
(82, '2020-03-23', 'SAMIDIN', NULL, 59, 'L', 'DESA WRINGIN', 23, 'INDONESIA', 'BONDOWOSO', '0000-00-00', NULL, 'ODP', 'T', NULL, 'BALI', 'BATUK', 'Tidak', '0000-00-00', NULL, NULL, NULL, NULL, 18, 1, '2020-04-13 06:00:00', '2020-04-13 06:00:00', '1'),
(83, '2020-03-23', 'TUMYATIK', NULL, 44, 'P', 'DESA BUKOR', 23, 'INDONESIA', 'BONDOWOSO', '0000-00-00', NULL, 'ODP', 'T', NULL, 'BALI', 'PILEK', 'Tidak', '0000-00-00', NULL, NULL, NULL, NULL, 18, 1, '2020-04-13 06:00:00', '2020-04-13 06:00:00', '1'),
(84, '2020-03-23', 'MUHAMMAD', NULL, 55, 'L', 'DESA BUKOR', 23, 'INDONESIA', 'BONDOWOSO', '0000-00-00', NULL, 'ODP', 'T', NULL, 'WALI 9', 'BATUK,PILEK', 'Tidak', '0000-00-00', NULL, NULL, NULL, NULL, 18, 1, '2020-04-13 06:00:00', '2020-04-13 06:00:00', '1'),
(85, '2020-03-23', 'SUJITO', NULL, 42, 'L', 'DESA BUKOR', 23, 'INDONESIA', 'BONDOWOSO', '0000-00-00', NULL, 'ODP', 'T', NULL, 'WALI 9', 'BATUK,PILEK', 'Tidak', '0000-00-00', NULL, NULL, NULL, NULL, 18, 1, '2020-04-13 06:00:00', '2020-04-13 06:00:00', '1'),
(86, '2020-03-23', 'MISYONO', NULL, 38, 'L', 'DESA GLINGSERAN', 23, 'INDONESIA', 'BONDOWOSO', '0000-00-00', NULL, 'ODP', 'T', NULL, 'SURABAYA', 'BATUK', 'Tidak', '0000-00-00', NULL, NULL, NULL, NULL, 18, 1, '2020-04-13 06:00:00', '2020-04-13 06:00:00', '1'),
(87, '2020-03-23', 'HARYONO', NULL, 32, 'L', 'DESA SUMBER MALANG', 23, 'INDONESIA', 'BONDOWOSO', '0000-00-00', NULL, 'ODP', 'T', NULL, 'BALI', 'BATUK', 'Tidak', '0000-00-00', NULL, NULL, NULL, NULL, 18, 1, '2020-04-13 06:00:00', '2020-04-13 06:00:00', '1'),
(88, '2020-03-23', 'KUSNIATI', NULL, 26, 'P', 'DESA BANYUWULU', 23, 'INDONESIA', 'BONDOWOSO', '0000-00-00', NULL, 'ODP', 'T', NULL, 'KALIMANTAN', 'PILEK', 'Tidak', '0000-00-00', NULL, NULL, NULL, NULL, 18, 1, '2020-04-13 06:00:00', '2020-04-13 06:00:00', '1'),
(89, '2020-03-23', 'ABDURAHMAN', NULL, 34, 'L', 'DESA JATISARI', 23, 'INDONESIA', 'BONDOWOSO', '0000-00-00', NULL, 'ODP', 'T', NULL, 'BALI', 'BATUK', 'Tidak', '0000-00-00', NULL, NULL, NULL, NULL, 18, 1, '2020-04-13 06:00:00', '2020-04-13 06:00:00', '1'),
(90, '2020-03-23', 'YURIKE M', NULL, 22, 'P', 'SUMBER TENGAH', 1, 'INDONESIA', 'BONDOWOSO', '0000-00-00', NULL, 'ODP', 'T', NULL, 'SURABAYA', 'BATUK,PILEK', 'Tidak', '0000-00-00', NULL, NULL, NULL, NULL, 16, 1, '2020-04-13 06:00:00', '2020-04-13 06:00:00', '1'),
(91, '2020-03-23', 'MISNAWAR', NULL, 40, 'L', 'JERUK SOK SOK', 1, 'INDONESIA', 'BONDOWOSO', '0000-00-00', NULL, 'ODP', 'T', NULL, 'BALI', 'BATUK PILEK SEJAK 2 HARI LALU', 'Tidak', '0000-00-00', NULL, NULL, NULL, NULL, 16, 1, '2020-04-13 06:00:00', '2020-04-13 06:00:00', '1'),
(92, '2020-03-21', 'Misnawi', NULL, 42, 'L', 'Kbn karang RT 28 Pucang anom', 7, 'INDONESIA', 'BONDOWOSO', '0000-00-00', NULL, 'ODP', 'T', NULL, 'BALI', 'DEMAM', 'Tidak', '0000-00-00', NULL, NULL, NULL, NULL, 4, 1, '2020-04-13 06:00:00', '2020-04-13 06:00:00', '1'),
(93, '2020-03-20', 'Holida', NULL, 40, 'P', 'Tenggina RT 13 Sbr Jeruk', 7, 'INDONESIA', 'BONDOWOSO', '0000-00-00', NULL, 'ODP', 'T', NULL, 'BALI', 'DEMAM,FLU', 'Tidak', '0000-00-00', NULL, NULL, NULL, NULL, 4, 1, '2020-04-13 06:00:00', '2020-04-13 06:00:00', '1'),
(94, '2020-03-24', 'Jumadi', NULL, 40, 'L', 'Ds Jambesari Rt 4/1', 7, 'INDONESIA', 'BONDOWOSO', '0000-00-00', NULL, 'ODP', 'T', NULL, 'Surabaya', 'Demam Flu', 'Tidak', '0000-00-00', NULL, NULL, NULL, NULL, 4, 1, '2020-04-13 06:00:00', '2020-04-13 06:00:00', '1'),
(95, '2020-03-23', 'P  BASRI', NULL, 60, 'L', 'SUMBER GADING 17 / 2', 15, 'INDONESIA', 'BONDOWOSO', '0000-00-00', NULL, 'ODP', 'T', NULL, 'WALI 5', 'BATUK, PILEK', 'Tidak', '0000-00-00', NULL, NULL, NULL, NULL, 8, 1, '2020-04-13 06:00:00', '2020-04-13 06:00:00', '1'),
(96, '2020-03-23', 'ALFIAN', NULL, 14, 'L', 'REJOAGUNG 1 /1', 15, 'INDONESIA', 'BONDOWOSO', '0000-00-00', NULL, 'ODP', 'T', NULL, 'SITUBONDO', 'DEMAM, BATUK, PILEK, NYERI TELAN', 'Tidak', '0000-00-00', NULL, NULL, NULL, NULL, 8, 1, '2020-04-13 06:00:00', '2020-04-13 06:00:00', '1'),
(97, '2020-03-23', 'Pak jatim', NULL, 60, 'L', 'Traktakan rt 03/02', 22, 'INDONESIA', 'BONDOWOSO', '0000-00-00', NULL, 'ODP', 'T', NULL, 'BALI', 'DEMAM,BATUK.PILEK,SESAK NAFAS', 'Tidak', '0000-00-00', NULL, NULL, NULL, NULL, 10, 1, '2020-04-13 06:00:00', '2020-04-13 06:00:00', '1'),
(98, '2020-03-23', 'ROFIAH', NULL, 45, 'P', 'SELOLEMBU RT 03', 5, 'INDONESIA', 'BONDOWOSO', '0000-00-00', NULL, 'ODP', 'T', NULL, 'BALI', 'BATUK', 'Tidak', '0000-00-00', NULL, NULL, NULL, NULL, 15, 1, '2020-04-13 06:00:00', '2020-04-13 06:00:00', '1'),
(99, '2020-03-23', 'SUNARJI', NULL, 20, 'L', 'PAKUWESI RT 06', 5, 'INDONESIA', 'BONDOWOSO', '0000-00-00', NULL, 'ODP', 'T', NULL, 'MALAYSIA', 'BATUK, DEMAM', 'Tidak', '0000-00-00', NULL, NULL, NULL, NULL, 15, 1, '2020-04-13 06:00:00', '2020-04-13 06:00:00', '1'),
(100, '2020-03-23', 'LATIFAH', NULL, 34, 'P', 'PAKUWESI RT 06', 5, 'INDONESIA', 'BONDOWOSO', '0000-00-00', NULL, 'ODP', 'T', NULL, 'MALAYSIA', 'BATUK,MENGGIGIL,SESAK, NYERI TELAN', 'Tidak', '0000-00-00', NULL, NULL, NULL, NULL, 15, 1, '2020-04-13 06:00:00', '2020-04-13 06:00:00', '1'),
(101, '2020-03-23', 'ZAINUL ABRORI', NULL, 17, 'L', 'LOCARE RT', 5, 'INDONESIA', 'BONDOWOSO', '0000-00-00', NULL, 'ODP', 'T', NULL, 'MALANG', 'PILEK', 'Tidak', '0000-00-00', NULL, NULL, NULL, NULL, 15, 1, '2020-04-13 06:00:00', '2020-04-13 06:00:00', '1'),
(102, '2020-03-23', 'SDR. M ALI', NULL, 23, 'L', 'KUPANG', 5, 'INDONESIA', 'BONDOWOSO', '0000-00-00', NULL, 'ODP', 'T', NULL, 'BALI', 'NYERI TELAN', 'Tidak', '0000-00-00', NULL, NULL, NULL, NULL, 15, 1, '2020-04-13 06:00:00', '2020-04-13 06:00:00', '1'),
(103, '2020-03-14', 'Otis Runaki', NULL, 58, 'L', 'Suling Wetan Rt 03', 4, 'INDONESIA', 'PAPUA', '0000-00-00', NULL, 'ODP', 'T', NULL, 'SOLO', 'Demam, Batuk, Pilek', 'Tidak', '0000-00-00', NULL, NULL, NULL, NULL, 24, 1, '2020-04-13 06:00:00', '2020-04-13 06:00:00', '1'),
(104, '2020-03-23', 'SUHARSONO', NULL, 54, 'L', 'LOJAJAR RT.5 RW.3', 20, 'INDONESIA', 'BONDOWOSO', '0000-00-00', NULL, 'ODP', 'T', NULL, 'BALI', 'PANAS BATUK,PILEK', 'Tidak', '0000-00-00', NULL, NULL, NULL, NULL, 11, 1, '2020-04-13 06:00:00', '2020-04-13 06:00:00', '1'),
(105, '2020-03-24', 'Busana', NULL, 54, 'L', 'BLAWAN', 13, 'INDONESIA', 'BONDOWOSO', '0000-00-00', NULL, 'ODP', 'T', NULL, 'SEMARANG', 'BATUK, PILEK', 'Tidak', '0000-00-00', NULL, NULL, NULL, NULL, 21, 1, '2020-04-13 06:00:00', '2020-04-13 06:00:00', '1'),
(106, '2020-03-24', 'Mistono', NULL, 45, 'L', 'BLAWAN', 13, 'INDONESIA', 'BONDOWOSO', '0000-00-00', NULL, 'ODP', 'T', NULL, 'SEMARANG', 'BATUK, PILEK', 'Tidak', '0000-00-00', NULL, NULL, NULL, NULL, 21, 1, '2020-04-13 06:00:00', '2020-04-13 06:00:00', '1'),
(107, '2020-03-24', 'FARIZ AL FARIZI', NULL, 18, 'L', 'TAMAN RT 10 RW 2', 6, 'INDONESIA', 'BONDOWOSO', '0000-00-00', NULL, 'ODP', 'T', NULL, 'SURABAYA', 'BATUK, PILEK', 'Tidak', '0000-00-00', NULL, NULL, NULL, NULL, 2, 1, '2020-04-13 06:00:00', '2020-04-13 06:00:00', '1'),
(108, '2020-03-24', 'MISYANTO', NULL, 28, 'L', 'LEPRAK RT 06', 8, 'INDONESIA', 'BONDOWOSO', '0000-00-00', NULL, 'ODP', 'T', NULL, 'BALI', 'BATUK', 'Tidak', '0000-00-00', NULL, NULL, NULL, NULL, 25, 1, '2020-04-13 06:00:00', '2020-04-13 06:00:00', '1'),
(109, '2020-03-24', 'KUS LUKMAN', NULL, 22, 'L', 'KARANG ANYAR RT 15', 8, 'INDONESIA', 'BONDOWOSO', '0000-00-00', NULL, 'ODP', 'T', NULL, 'BALI', 'BATUK, PUSING, RIWAYAT PANAS', 'Tidak', '0000-00-00', NULL, NULL, NULL, NULL, 25, 1, '2020-04-13 06:00:00', '2020-04-13 06:00:00', '1'),
(110, '2020-03-24', 'Andi Purnomo', NULL, 38, 'L', 'Tapen', 18, 'INDONESIA', 'BONDOWOSO', '0000-00-00', NULL, 'ODP', 'T', NULL, 'SURABAYA', 'BATUK', 'Tidak', '0000-00-00', NULL, NULL, NULL, NULL, 9, 1, '2020-04-13 06:00:00', '2020-04-13 06:00:00', '1'),
(111, '2020-03-24', 'Sayid', NULL, 34, 'L', 'Gunung Anyar', 18, 'INDONESIA', 'BONDOWOSO', '0000-00-00', NULL, 'ODP', 'T', NULL, 'BALI', 'BATUK', 'Tidak', '0000-00-00', NULL, NULL, NULL, NULL, 9, 1, '2020-04-13 06:00:00', '2020-04-13 06:00:00', '1'),
(112, '2020-03-24', 'Riyanita', NULL, 38, 'P', 'Wonokusumo', 18, 'INDONESIA', 'BONDOWOSO', '0000-00-00', NULL, 'ODP', 'T', NULL, 'WALI 9', 'BATUK', 'Tidak', '0000-00-00', NULL, NULL, NULL, NULL, 9, 1, '2020-04-13 06:00:00', '2020-04-13 06:00:00', '1'),
(113, '2020-03-24', 'Masrul Al Karim', NULL, 24, 'L', 'Mrawan', 18, 'INDONESIA', 'BONDOWOSO', '0000-00-00', NULL, 'ODP', 'T', NULL, 'BALI', 'BATUK', 'Tidak', '0000-00-00', NULL, NULL, NULL, NULL, 9, 1, '2020-04-13 06:00:00', '2020-04-13 06:00:00', '1'),
(114, '2020-03-24', 'Helmi', NULL, 17, 'L', 'Mangli', 18, 'INDONESIA', 'BONDOWOSO', '0000-00-00', NULL, 'ODP', 'T', NULL, 'BALI', 'BATUK', 'Tidak', '0000-00-00', NULL, NULL, NULL, NULL, 9, 1, '2020-04-13 06:00:00', '2020-04-13 06:00:00', '1'),
(115, '2020-03-23', 'SUNARDI', NULL, 38, 'L', 'KERANG RT 9', 14, 'INDONESIA', 'BONDOWOSO', '0000-00-00', NULL, 'ODP', 'T', NULL, 'BALI', 'BATUK, PILEK, DEMAM', 'Tidak', '0000-00-00', NULL, NULL, NULL, NULL, 7, 1, '2020-04-13 06:00:00', '2020-04-13 06:00:00', '1'),
(116, '2020-03-23', 'RISKA', NULL, 22, 'P', 'PECALONGAN RT 18', 14, 'INDONESIA', 'BONDOWOSO', '0000-00-00', NULL, 'ODP', 'T', NULL, 'BALI', 'BATUK, PILEK', 'Tidak', '0000-00-00', NULL, NULL, NULL, NULL, 7, 1, '2020-04-13 06:00:00', '2020-04-13 06:00:00', '1'),
(117, '2020-03-26', 'RIDWAN', NULL, 30, 'L', 'NOGOSARI RT 13', 14, 'INDONESIA', 'BONDOWOSO', '0000-00-00', NULL, 'ODP', 'T', NULL, 'BALI', 'BATUK ,PILEK', 'Tidak', '0000-00-00', NULL, NULL, NULL, NULL, 7, 1, '2020-04-13 06:00:00', '2020-04-13 06:00:00', '1'),
(118, '2020-03-24', 'FAHMI', NULL, 8, 'L', 'TAMAN', 16, 'INDONESIA', 'BONDOWOSO', '0000-00-00', NULL, 'ODP', 'T', NULL, 'SURABAYA', 'BATUK PILEK', 'Tidak', '0000-00-00', NULL, NULL, NULL, NULL, 20, 1, '2020-04-13 06:00:00', '2020-04-13 06:00:00', '1'),
(119, '2020-03-24', 'Budianto', NULL, 32, 'L', 'Pekalangan RT 1/ 1 ', 2, 'INDONESIA', 'BONDOWOSO', '0000-00-00', NULL, 'ODP', 'T', NULL, 'BALI', 'THYPOID', 'Tidak', '0000-00-00', NULL, NULL, NULL, NULL, 14, 1, '2020-04-13 06:00:00', '2020-04-13 06:00:00', '1'),
(120, '2020-03-24', 'Filan Wahyu Pratama', NULL, 20, 'L', 'Kademangan RT 3 RW 1', 2, 'INDONESIA', 'BONDOWOSO', '0000-00-00', NULL, 'ODP', 'T', NULL, 'MALANG', 'ISPA', 'Tidak', '0000-00-00', NULL, NULL, NULL, NULL, 14, 1, '2020-04-13 06:00:00', '2020-04-13 06:00:00', '1'),
(121, '2020-03-24', 'Muhardi', NULL, 37, 'L', 'PAKEM RT 12', 10, 'INDONESIA', 'BONDOWOSO', '0000-00-00', NULL, 'ODP', 'T', NULL, 'ARAB SAUDI', 'ISPA ', 'Tidak', '0000-00-00', NULL, NULL, NULL, NULL, 17, 1, '2020-04-13 06:00:00', '2020-04-13 06:00:00', '1'),
(122, '2020-03-24', 'Pak Nasri', NULL, 50, 'L', 'PAKEM RT 8', 10, 'INDONESIA', 'BONDOWOSO', '0000-00-00', NULL, 'ODP', 'T', NULL, 'ARAB SAUDI', 'ISPA ', 'Tidak', '0000-00-00', NULL, NULL, NULL, NULL, 17, 1, '2020-04-13 06:00:00', '2020-04-13 06:00:00', '1'),
(123, '2020-03-24', 'Sunarmi', NULL, 50, 'L', 'PETUNG RT 5', 10, 'INDONESIA', 'BONDOWOSO', '0000-00-00', NULL, 'ODP', 'T', NULL, 'ARAB SAUDI', 'ISPA ', 'Tidak', '0000-00-00', NULL, NULL, NULL, NULL, 17, 1, '2020-04-13 06:00:00', '2020-04-13 06:00:00', '1'),
(124, '2020-03-23', 'LILIK TARWIYATI', NULL, 38, 'P', 'REJOAGUNG 10 / 3', 15, 'INDONESIA', 'BONDOWOSO', '0000-00-00', NULL, 'ODP', 'T', NULL, 'SURABAYA', 'DEMAM, BATUK, NYERI TELAN, MUNTAH', 'Tidak', '0000-00-00', NULL, NULL, NULL, NULL, 8, 1, '2020-04-13 06:00:00', '2020-04-13 06:00:00', '1'),
(125, '2020-03-23', 'MARSUM', NULL, 40, 'L', 'SUKOREJO 19 / 5', 15, 'INDONESIA', 'BONDOWOSO', '0000-00-00', NULL, 'ODP', 'T', NULL, 'SURABAYA', 'BATUK, PILEK, SESAK', 'Tidak', '0000-00-00', NULL, NULL, NULL, NULL, 8, 1, '2020-04-13 06:00:00', '2020-04-13 06:00:00', '1'),
(126, '2020-03-23', 'NN. NURLAILA VELANYATI', NULL, 23, 'P', 'TAMANAN RT 01', 17, 'INDONESIA', 'BONDOWOSO', '0000-00-00', NULL, 'ODP', 'T', NULL, 'MALANG', 'PILEK MULAI TADI MALAM', 'Tidak', '0000-00-00', NULL, NULL, NULL, NULL, 3, 1, '2020-04-13 06:00:00', '2020-04-13 06:00:00', '1'),
(127, '2020-03-24', 'TN. HANIP SETYAWAN', NULL, 39, 'L', 'KALIANYAR RT 20', 17, 'INDONESIA', 'BONDOWOSO', '0000-00-00', NULL, 'ODP', 'T', NULL, 'BALI', 'KURANG 7HARI BATUK, PILEK', 'Tidak', '0000-00-00', NULL, NULL, NULL, NULL, 3, 1, '2020-04-13 06:00:00', '2020-04-13 06:00:00', '1'),
(128, '2020-03-24', 'FITRIATUL H', NULL, 32, 'P', 'KARANG MELOK RT 12', 17, 'INDONESIA', 'BONDOWOSO', '0000-00-00', NULL, 'ODP', 'T', NULL, 'BALI', 'BATUK, PILEK MULAI KEMAREN', 'Tidak', '0000-00-00', NULL, NULL, NULL, NULL, 3, 1, '2020-04-13 06:00:00', '2020-04-13 06:00:00', '1'),
(129, '2020-03-24', 'NASRIL', NULL, 10, 'L', 'WONOSUKO RT 10', 17, 'INDONESIA', 'BONDOWOSO', '0000-00-00', NULL, 'ODP', 'T', NULL, 'BALI', 'PILEK', 'Tidak', '0000-00-00', NULL, NULL, NULL, NULL, 3, 1, '2020-04-13 06:00:00', '2020-04-13 06:00:00', '1'),
(130, '2020-03-24', 'ANDRI', NULL, 64, 'L', 'LOJAJAR RT.14', 20, 'INDONESIA', 'BONDOWOSO', '0000-00-00', NULL, 'ODP', 'T', NULL, 'BALI', 'PANAS BATUK,PILEK,NYERI TELAN', 'Tidak', '0000-00-00', NULL, NULL, NULL, NULL, 11, 1, '2020-04-13 06:00:00', '2020-04-13 06:00:00', '1'),
(131, '2020-03-24', 'SUPANDI', NULL, 20, 'L', 'BARATAN', 1, 'INDONESIA', 'BONDOWOSO', '0000-00-00', NULL, 'ODP', 'T', NULL, 'BALI', 'BATUK,PILEK', 'Tidak', '0000-00-00', NULL, NULL, NULL, NULL, 16, 1, '2020-04-13 06:00:00', '2020-04-13 06:00:00', '1'),
(132, '2020-03-24', 'ZAINUL M', NULL, 34, 'L', 'GADING SARI', 1, 'INDONESIA', 'BONDOWOSO', '0000-00-00', NULL, 'ODP', 'T', NULL, 'BALI', 'DEMAM,BATUK,PILEK', 'Tidak', '0000-00-00', NULL, NULL, NULL, NULL, 16, 1, '2020-04-13 06:00:00', '2020-04-13 06:00:00', '1'),
(133, '2020-03-24', 'RINI', NULL, 29, 'P', 'GADING SARI', 1, 'INDONESIA', 'BONDOWOSO', '0000-00-00', NULL, 'ODP', 'T', NULL, 'BALI', 'BATUK,PILEK', 'Tidak', '0000-00-00', NULL, NULL, NULL, NULL, 16, 1, '2020-04-13 06:00:00', '2020-04-13 06:00:00', '1'),
(134, '2020-03-24', 'A NAUFAL', NULL, 14, 'L', 'GADING SARI', 1, 'INDONESIA', 'BONDOWOSO', '0000-00-00', NULL, 'ODP', 'T', NULL, 'BALI', 'BATUK,PILEK', 'Tidak', '0000-00-00', NULL, NULL, NULL, NULL, 16, 1, '2020-04-13 06:00:00', '2020-04-13 06:00:00', '1'),
(135, '2020-03-18', 'SUSI', NULL, 45, 'P', 'BENDELAN', 1, 'INDONESIA', 'BONDOWOSO', '0000-00-00', NULL, 'ODP', 'T', NULL, 'WALI 9', 'BATUK,PILEK', 'Tidak', '0000-00-00', NULL, NULL, NULL, NULL, 16, 1, '2020-04-13 06:00:00', '2020-04-13 06:00:00', '1'),
(136, '2020-03-24', 'HOSNI, TN', NULL, 78, 'L', 'BLINDUNGAN RT. 01', 2, 'INDONESIA', 'BONDOWOSO', '0000-00-00', NULL, 'ODP', 'T', NULL, 'BOGOR', 'ISPA', 'Tidak', '0000-00-00', NULL, NULL, NULL, NULL, 13, 1, '2020-04-13 06:00:00', '2020-04-13 06:00:00', '1'),
(137, '2020-03-24', 'SUGIYANTO, TN', NULL, 44, 'L', 'KOTAKULON RT. 21', 2, 'INDONESIA', 'BONDOWOSO', '0000-00-00', NULL, 'ODP', 'T', NULL, 'BALI', 'ISPA', 'Tidak', '0000-00-00', NULL, NULL, NULL, NULL, 13, 1, '2020-04-13 06:00:00', '2020-04-13 06:00:00', '1'),
(138, '2020-03-24', 'LISANTI ZEFTIATUL ANA', NULL, 20, 'P', 'KOTAKULON RT. 20/07', 2, 'INDONESIA', 'BONDOWOSO', '0000-00-00', NULL, 'ODP', 'T', NULL, 'BALI', 'ISPA', 'Tidak', '0000-00-00', NULL, NULL, NULL, NULL, 13, 1, '2020-04-13 06:00:00', '2020-04-13 06:00:00', '1'),
(139, '2020-03-24', 'SUGIYANTO, TN', NULL, 44, 'L', 'KOTAKULON RT. 21', 2, 'INDONESIA', 'BONDOWOSO', '0000-00-00', NULL, 'ODP', 'T', NULL, 'BALI', 'ISPA', 'Tidak', '0000-00-00', NULL, NULL, NULL, NULL, 13, 1, '2020-04-13 06:00:00', '2020-04-13 06:00:00', '1'),
(140, '2020-03-24', 'TOBI AGUNG BASKARA', NULL, 17, 'L', 'KOTAKULON RT. 12/03', 2, 'INDONESIA', 'BONDOWOSO', '0000-00-00', NULL, 'ODP', 'T', NULL, 'MALANG', 'ISPA', 'Tidak', '0000-00-00', NULL, NULL, NULL, NULL, 13, 1, '2020-04-13 06:00:00', '2020-04-13 06:00:00', '1'),
(141, '2020-03-24', 'DINI PUSPASARI', NULL, 24, 'P', 'BADEAN ', 2, 'INDONESIA', 'BONDOWOSO', '0000-00-00', NULL, 'ODP', 'T', NULL, 'MALANG', 'ISPA', 'Tidak', '0000-00-00', NULL, NULL, NULL, NULL, 13, 1, '2020-04-13 06:00:00', '2020-04-13 06:00:00', '1'),
(142, '2020-03-24', 'KUSNANTO', NULL, 40, 'L', 'DABASAH RT. 10', 2, 'INDONESIA', 'BONDOWOSO', '0000-00-00', NULL, 'ODP', 'T', NULL, 'BALI', 'ISPA', 'Tidak', '0000-00-00', NULL, NULL, NULL, NULL, 13, 1, '2020-04-13 06:00:00', '2020-04-13 06:00:00', '1'),
(143, '2020-03-24', 'SULIYATI, NY', NULL, 46, 'P', 'KOTAKULON RT. 25', 2, 'INDONESIA', 'BONDOWOSO', '0000-00-00', NULL, 'ODP', 'T', NULL, 'JAKARTA', 'ISPA', 'Tidak', '0000-00-00', NULL, NULL, NULL, NULL, 13, 1, '2020-04-13 06:00:00', '2020-04-13 06:00:00', '1'),
(144, '2020-03-24', 'SARWI', NULL, 69, 'L', 'DESA WRINGIN', 23, 'INDONESIA', 'BONDOWOSO', '0000-00-00', NULL, 'ODP', 'T', NULL, 'SURABAYA', 'DEMAM,BATUK,PILEK', 'Tidak', '0000-00-00', NULL, NULL, NULL, NULL, 18, 1, '2020-04-13 06:00:00', '2020-04-13 06:00:00', '1'),
(145, '2020-03-25', 'Nabila ', NULL, 3, 'P', 'JAMPIT', 13, 'INDONESIA', 'BONDOWOSO', '0000-00-00', NULL, 'ODP', 'T', NULL, 'BALI', 'BATUK, PILEK', 'Tidak', '0000-00-00', NULL, NULL, NULL, NULL, 21, 1, '2020-04-13 06:00:00', '2020-04-13 06:00:00', '1'),
(146, '2020-03-26', 'RENDRA', NULL, 31, 'L', 'KERANG RT 15', 14, 'INDONESIA', 'BONDOWOSO', '0000-00-00', NULL, 'ODP', 'T', NULL, 'BALI', 'BATUK,PILEK', 'Tidak', '0000-00-00', NULL, NULL, NULL, NULL, 7, 1, '2020-04-13 06:00:00', '2020-04-13 06:00:00', '1'),
(147, '2020-03-23', 'Ida ', NULL, 35, 'P', 'Ds Pengarang Krajan Rt 7', 7, 'INDONESIA', 'BONDOWOSO', '0000-00-00', NULL, 'ODP', 'T', NULL, 'BALI', 'Demam, Batuk Pilek', 'Tidak', '0000-00-00', NULL, NULL, NULL, NULL, 4, 1, '2020-04-13 06:00:00', '2020-04-13 06:00:00', '1'),
(148, '2020-03-24', 'Misnari', NULL, 70, 'L', 'kembang RT 14', 7, 'INDONESIA', 'BONDOWOSO', '0000-00-00', NULL, 'ODP', 'T', NULL, 'BALI', 'Demam, Batuk Pilek', 'Tidak', '0000-00-00', NULL, NULL, NULL, NULL, 4, 1, '2020-04-13 06:00:00', '2020-04-13 06:00:00', '1'),
(149, '2020-03-24', 'Ila Sri Wahyuni', NULL, 34, 'P', 'krajan RT 5', 7, 'INDONESIA', 'BONDOWOSO', '0000-00-00', NULL, 'ODP', 'T', NULL, 'MALANG', 'Batuk, pilek', 'Tidak', '0000-00-00', NULL, NULL, NULL, NULL, 4, 1, '2020-04-13 06:00:00', '2020-04-13 06:00:00', '1'),
(150, '2020-03-24', 'Maksun', NULL, 20, 'L', 'kbn karang RT 30', 7, 'INDONESIA', 'BONDOWOSO', '0000-00-00', NULL, 'ODP', 'T', NULL, 'Bali', 'Demam,Batuk,pilek', 'Tidak', '0000-00-00', NULL, NULL, NULL, NULL, 4, 1, '2020-04-13 06:00:00', '2020-04-13 06:00:00', '1'),
(151, '2020-03-25', 'Slamet Hariyono', NULL, 53, 'L', 'krajan RT 1', 7, 'INDONESIA', 'BONDOWOSO', '0000-00-00', NULL, 'ODP', 'T', NULL, 'BALI', 'Batuk, pilek', 'Tidak', '0000-00-00', NULL, NULL, NULL, NULL, 4, 1, '2020-04-13 06:00:00', '2020-04-13 06:00:00', '1'),
(152, '2020-03-24', 'ARYA', NULL, 3, 'L', 'PANCORAN RT RT 9 / RW 3', 2, 'INDONESIA', 'BONDOWOSO', '0000-00-00', NULL, 'ODP', 'T', NULL, 'MALANG', 'DEMAM, BATUK, SESAK', 'Tidak', '0000-00-00', NULL, NULL, NULL, NULL, 12, 1, '2020-04-13 06:00:00', '2020-04-13 06:00:00', '1'),
(153, '2020-03-24', 'YUDI YANTI', NULL, 46, 'P', 'NANGKAAN  RT 2 / RW 1', 2, 'INDONESIA', 'BONDOWOSO', '0000-00-00', NULL, 'ODP', 'T', NULL, 'MALANG', 'DEMAM, BATUK', 'Tidak', '0000-00-00', NULL, NULL, NULL, NULL, 12, 1, '2020-04-13 06:00:00', '2020-04-13 06:00:00', '1'),
(154, '2020-03-25', 'SUYONO', NULL, 45, 'L', 'TEGALJATI 37 / 6', 15, 'INDONESIA', 'BONDOWOSO', '0000-00-00', NULL, 'ODP', 'T', NULL, 'SURABAYA', 'BATUK, PILEK, MUNTAH', 'Tidak', '0000-00-00', NULL, NULL, NULL, NULL, 8, 1, '2020-04-13 06:00:00', '2020-04-13 06:00:00', '1'),
(155, '2020-03-25', 'DANI INDRAWAN', NULL, 25, 'L', 'SUMBER GADING 4 / 2', 15, 'INDONESIA', 'BONDOWOSO', '0000-00-00', NULL, 'ODP', 'T', NULL, 'SURABAYA', 'BATUK', 'Tidak', '0000-00-00', NULL, NULL, NULL, NULL, 8, 1, '2020-04-13 06:00:00', '2020-04-13 06:00:00', '1'),
(156, '2020-03-25', 'TORADI', NULL, 44, 'L', 'SUMBER GADING 2 / 1', 15, 'INDONESIA', 'BONDOWOSO', '0000-00-00', NULL, 'ODP', 'T', NULL, 'BALI', 'DEMAM, BATUK, PILEK, SESAK', 'Tidak', '0000-00-00', NULL, NULL, NULL, NULL, 8, 1, '2020-04-13 06:00:00', '2020-04-13 06:00:00', '1'),
(157, '2020-03-24', 'Noval Febiyanto', NULL, 5, 'L', 'Desa Lumutan', 3, 'INDONESIA', 'BONDOWOSO', '0000-00-00', NULL, 'ODP', 'T', NULL, 'BALI', 'Demam', 'Tidak', '0000-00-00', NULL, NULL, NULL, NULL, 22, 1, '2020-04-13 06:00:00', '2020-04-13 06:00:00', '1'),
(158, '2020-03-25', 'jumadi', NULL, 60, 'L', 'Desa Lumutan ', 3, 'INDONESIA', 'BONDOWOSO', '0000-00-00', NULL, 'ODP', 'T', NULL, 'MALANG', 'DEMAM', 'Tidak', '0000-00-00', NULL, NULL, NULL, NULL, 22, 1, '2020-04-13 06:00:00', '2020-04-13 06:00:00', '1'),
(159, '2020-03-26', 'SOLE', NULL, 50, 'L', 'KABUARAN RT 5 RW 3', 6, 'INDONESIA', 'BONDOWOSO', '0000-00-00', NULL, 'ODP', 'T', NULL, 'SURABAYA', 'BATUK, SESAK', 'Tidak', '0000-00-00', NULL, NULL, NULL, NULL, 2, 1, '2020-04-13 06:00:00', '2020-04-13 06:00:00', '1'),
(160, '2020-03-25', 'ZAHRO ANANTA', NULL, 15, 'P', 'PONCOGATI RT 04', 5, 'INDONESIA', 'BONDOWOSO', '0000-00-00', NULL, 'ODP', 'T', NULL, 'MALANG', 'BATUK JARANG', 'Tidak', '0000-00-00', NULL, NULL, NULL, NULL, 15, 1, '2020-04-13 06:00:00', '2020-04-13 06:00:00', '1'),
(161, '2020-03-25', 'RANI TIARA', NULL, 23, 'P', 'PENAMBANGAN RT 09', 5, 'INDONESIA', 'BONDOWOSO', '0000-00-00', NULL, 'ODP', 'T', NULL, 'YOGYAKARTA', 'BATUK,PILEK', 'Tidak', '0000-00-00', NULL, NULL, NULL, NULL, 15, 1, '2020-04-13 06:00:00', '2020-04-13 06:00:00', '1'),
(162, '2020-03-25', 'INTAN', NULL, 17, 'P', 'DESA TLOGOSARI RT', 21, 'INDONESIA', 'BONDOWOSO', '0000-00-00', NULL, 'ODP', 'T', NULL, 'BALI', NULL, 'Tidak', '0000-00-00', NULL, NULL, NULL, NULL, 6, 1, '2020-04-13 06:00:00', '2020-04-13 06:00:00', '1'),
(163, '2020-03-25', 'SUYATI', NULL, 39, 'P', 'DESA TLOGOSARI', 21, 'INDONESIA', 'BONDOWOSO', '0000-00-00', NULL, 'ODP', 'T', NULL, 'BALI', NULL, 'Tidak', '0000-00-00', NULL, NULL, NULL, NULL, 6, 1, '2020-04-13 06:00:00', '2020-04-13 06:00:00', '1'),
(164, '2020-03-25', 'WAHDIYAH', NULL, 40, 'P', 'DESA SULEK RT 12', 21, 'INDONESIA', 'BONDOWOSO', '0000-00-00', NULL, 'ODP', 'T', NULL, 'BALI', NULL, 'Tidak', '0000-00-00', NULL, NULL, NULL, NULL, 6, 1, '2020-04-13 06:00:00', '2020-04-13 06:00:00', '1'),
(165, '2020-03-25', 'SULIHAN', NULL, 37, 'L', 'DESA SULEK RT8', 21, 'INDONESIA', 'BONDOWOSO', '0000-00-00', NULL, 'ODP', 'T', NULL, 'BALI', NULL, 'Tidak', '0000-00-00', NULL, NULL, NULL, NULL, 6, 1, '2020-04-13 06:00:00', '2020-04-13 06:00:00', '1'),
(166, '2020-03-21', 'sumyati', NULL, 44, 'P', 'maskuning wetan', 12, 'INDONESIA', 'BONDOWOSO', '0000-00-00', NULL, 'ODP', 'T', NULL, 'JAKARTA', 'DEMAM', 'Tidak', '0000-00-00', NULL, NULL, NULL, NULL, 5, 1, '2020-04-13 06:00:00', '2020-04-13 06:00:00', '1'),
(167, '2020-03-21', 'sunaisi', NULL, 42, 'P', 'sukowono rt.04', 12, 'INDONESIA', 'BONDOWOSO', '0000-00-00', NULL, 'ODP', 'T', NULL, 'BALI', 'BATUK, PILEK, PUSING, DEMAM', 'Tidak', '0000-00-00', NULL, NULL, NULL, NULL, 5, 1, '2020-04-13 06:00:00', '2020-04-13 06:00:00', '1'),
(168, '2020-03-25', 'TASLIMATUS', NULL, 48, 'P', 'PADASAN', 12, 'INDONESIA', 'BONDOWOSO', '0000-00-00', NULL, 'ODP', 'T', NULL, 'MALANG', 'BATUK', 'Tidak', '0000-00-00', NULL, NULL, NULL, NULL, 5, 1, '2020-04-13 06:00:00', '2020-04-13 06:00:00', '1'),
(169, '2020-03-23', 'FERI IRAWAN', NULL, 26, 'L', 'ALAS SUMUR', 12, 'INDONESIA', 'BONDOWOSO', '0000-00-00', NULL, 'ODP', 'T', NULL, 'BALI', 'BATUK, DEMAM', 'Tidak', '0000-00-00', NULL, NULL, NULL, NULL, 5, 1, '2020-04-13 06:00:00', '2020-04-13 06:00:00', '1'),
(170, '2020-03-23', 'SOFYAN', NULL, 20, 'L', 'ALAS SUMUR', 12, 'INDONESIA', 'BONDOWOSO', '0000-00-00', NULL, 'ODP', 'T', NULL, 'BALI', 'BATUK, DEMAM', 'Tidak', '0000-00-00', NULL, NULL, NULL, NULL, 5, 1, '2020-04-13 06:00:00', '2020-04-13 06:00:00', '1'),
(171, '2020-03-24', 'BAYHAKI', NULL, 39, 'L', 'KEJAYAN RT.03', 12, 'INDONESIA', 'BONDOWOSO', '0000-00-00', NULL, 'ODP', 'T', NULL, 'BALI', 'DEMAM, BATUK', 'Tidak', '0000-00-00', NULL, NULL, NULL, NULL, 5, 1, '2020-04-13 06:00:00', '2020-04-13 06:00:00', '1'),
(172, '2020-03-15', 'Halimatus Sakdiyah', NULL, 17, 'P', 'Bercak Asri Rt 19', 4, 'INDONESIA', 'BONDOWOSO', '0000-00-00', NULL, 'ODP', 'T', NULL, 'SURABAYA', 'Demam, Batuk, Pilek', 'Tidak', '0000-00-00', NULL, NULL, NULL, NULL, 24, 1, '2020-04-13 06:00:00', '2020-04-13 06:00:00', '1'),
(173, '2020-03-23', 'M.Fattah', NULL, 38, 'L', 'Ramban Kulon rt 16', 4, 'INDONESIA', 'BONDOWOSO', '0000-00-00', NULL, 'ODP', 'T', NULL, 'SURABAYA', 'Demam, Batuk', 'Tidak', '0000-00-00', NULL, NULL, NULL, NULL, 24, 1, '2020-04-13 06:00:00', '2020-04-13 06:00:00', '1'),
(174, '2020-03-24', 'Samman', NULL, 51, 'L', 'BerCak Asri Rt 01', 4, 'INDONESIA', 'BONDOWOSO', '0000-00-00', NULL, 'ODP', 'T', NULL, 'BALI', 'Demam, Batuk', 'Tidak', '0000-00-00', NULL, NULL, NULL, NULL, 24, 1, '2020-04-13 06:00:00', '2020-04-13 06:00:00', '1'),
(175, '2020-03-26', 'M.ROSIDI', NULL, 19, 'L', 'JERUK SOK SOK', 1, 'INDONESIA', 'BONDOWOSO', '0000-00-00', NULL, 'ODP', 'T', NULL, 'JAKARTA', 'BATUK', 'Tidak', '0000-00-00', NULL, NULL, NULL, NULL, 16, 1, '2020-04-13 06:00:00', '2020-04-13 06:00:00', '1'),
(176, '2020-03-24', 'EVI SUDRAJAT', NULL, 62, 'P', 'SEKARPUTIH RT 31', 19, 'INDONESIA', 'BONDOWOSO', '0000-00-00', NULL, 'ODP', 'T', NULL, 'SIDOARJO', 'BATUK,PILEK', 'Tidak', '0000-00-00', NULL, NULL, NULL, NULL, 19, 1, '2020-04-13 06:00:00', '2020-04-13 06:00:00', '1'),
(177, '2020-03-24', 'DARI', NULL, 30, 'L', 'KLABANG AGUNG', 19, 'INDONESIA', 'BONDOWOSO', '0000-00-00', NULL, 'ODP', 'T', NULL, 'BALI', 'BATUK,PILEK', 'Tidak', '0000-00-00', NULL, NULL, NULL, NULL, 19, 1, '2020-04-13 06:00:00', '2020-04-13 06:00:00', '1'),
(178, '2020-03-26', 'Adi Kristanto', NULL, 44, 'L', 'Patemon RT 5', 10, 'INDONESIA', 'BONDOWOSO', '0000-00-00', NULL, 'ODP', 'T', NULL, 'YOGYAKARTA', 'ISPA ', 'Tidak', '0000-00-00', NULL, NULL, NULL, NULL, 17, 1, '2020-04-13 06:00:00', '2020-04-13 06:00:00', '1'),
(179, '2020-03-26', 'Malli', NULL, 63, 'L', 'Sumberdumpyong ', 10, 'INDONESIA', 'BONDOWOSO', '0000-00-00', NULL, 'ODP', 'T', NULL, 'BALI', 'ISPA ', 'Tidak', '0000-00-00', NULL, NULL, NULL, NULL, 17, 1, '2020-04-13 06:00:00', '2020-04-13 06:00:00', '1'),
(180, '2020-03-26', 'M. Alex', NULL, 22, 'L', 'Pakem Rt 4', 10, 'INDONESIA', 'BONDOWOSO', '0000-00-00', NULL, 'ODP', 'T', NULL, 'BALI', 'ISPA ', 'Tidak', '0000-00-00', NULL, NULL, NULL, NULL, 17, 1, '2020-04-13 06:00:00', '2020-04-13 06:00:00', '1'),
(181, '2020-03-26', 'Saifudin', NULL, 12, 'L', 'Gadingsari RT 2', 10, 'INDONESIA', 'BONDOWOSO', '0000-00-00', NULL, 'ODP', 'T', NULL, 'BALI', 'ISPA ', 'Tidak', '0000-00-00', NULL, NULL, NULL, NULL, 17, 1, '2020-04-13 06:00:00', '2020-04-13 06:00:00', '1'),
(182, '2020-03-25', 'Kusnadi', NULL, 43, 'L', 'Gadingsari RT 7', 10, 'INDONESIA', 'BONDOWOSO', '0000-00-00', NULL, 'ODP', 'T', NULL, 'BALI', 'ISPA ', 'Tidak', '0000-00-00', NULL, NULL, NULL, NULL, 17, 1, '2020-04-13 06:00:00', '2020-04-13 06:00:00', '1'),
(183, '2020-03-25', 'Ramli', NULL, 45, 'L', 'Ardisaeng RT 7', 10, 'INDONESIA', 'BONDOWOSO', '0000-00-00', NULL, 'ODP', 'T', NULL, 'BALI', 'ISPA ', 'Tidak', '0000-00-00', NULL, NULL, NULL, NULL, 17, 1, '2020-04-13 06:00:00', '2020-04-13 06:00:00', '1'),
(184, '2020-03-26', 'Hayati', NULL, 54, 'P', 'Kalitapen', 18, 'INDONESIA', 'BONDOWOSO', '0000-00-00', NULL, 'ODP', 'T', NULL, 'BALI', NULL, 'Tidak', '0000-00-00', NULL, NULL, NULL, NULL, 9, 1, '2020-04-13 06:00:00', '2020-04-13 06:00:00', '1'),
(185, '2020-03-26', 'Nurhayati', NULL, 40, 'P', 'Gunung Anyar', 18, 'INDONESIA', 'BONDOWOSO', '0000-00-00', NULL, 'ODP', 'T', NULL, 'MALANG', NULL, 'Tidak', '0000-00-00', NULL, NULL, NULL, NULL, 9, 1, '2020-04-13 06:00:00', '2020-04-13 06:00:00', '1'),
(186, '2020-03-25', 'Afralia Nafiah Agung', NULL, 13, 'P', 'Jurangsapi', 18, 'INDONESIA', 'BONDOWOSO', '0000-00-00', NULL, 'ODP', 'T', NULL, 'MALANG', NULL, 'Tidak', '0000-00-00', NULL, NULL, NULL, NULL, 9, 1, '2020-04-13 06:00:00', '2020-04-13 06:00:00', '1'),
(187, '2020-03-26', 'ARMIYANA', NULL, 23, 'P', 'WONOBOYO RT 13', 8, 'INDONESIA', 'BONDOWOSO', '0000-00-00', NULL, 'ODP', 'T', NULL, 'BALI', 'PANAS, NYERI TENGGOROKAN, BATUK, SESAK', 'Tidak', '0000-00-00', NULL, NULL, NULL, NULL, 25, 1, '2020-04-13 06:00:00', '2020-04-13 06:00:00', '1'),
(188, '2020-03-26', 'DONI', NULL, 15, 'L', 'PANDAK RT 06', 8, 'INDONESIA', 'BONDOWOSO', '0000-00-00', NULL, 'ODP', 'T', NULL, 'BALI', 'PANAS, BATUK', 'Tidak', '0000-00-00', NULL, NULL, NULL, NULL, 25, 1, '2020-04-13 06:00:00', '2020-04-13 06:00:00', '1');
INSERT INTO `kumulatif` (`id`, `tgl_awal_pe`, `nama`, `nik`, `usia`, `gender`, `alamat`, `kecamatan_id`, `kebangsaan`, `kab_asal`, `tgl_mulai_sakit`, `gejala`, `kriteria_kasus`, `dirawat_di_rs`, `rs_yg_merawat`, `faktor_resiko`, `diagnosis`, `ambil_spesimen`, `tgl_ambil_spesimen`, `lab_pemeriksa`, `no_rm`, `hasil_pemeriksaan`, `keterangan`, `puskesmas_id`, `user_id`, `created_at`, `updated_at`, `status`) VALUES
(189, '2020-03-26', 'M Sholahuddin Ash Shiddiqi', NULL, 42, 'L', 'Gambangan Rt 04', 9, 'INDONESIA', 'BONDOWOSO', '0000-00-00', NULL, 'ODP', 'T', NULL, 'SURABAYA', NULL, 'Tidak', '0000-00-00', NULL, NULL, NULL, NULL, 1, 1, '2020-04-13 06:00:00', '2020-04-13 06:00:00', '1'),
(190, '2020-03-26', 'Harik', NULL, 38, 'L', 'Gambangan Rt 9 ', 9, 'INDONESIA', 'BONDOWOSO', '0000-00-00', NULL, 'ODP', 'T', NULL, 'SURABAYA', NULL, 'Tidak', '0000-00-00', NULL, NULL, NULL, NULL, 1, 1, '2020-04-13 06:00:00', '2020-04-13 06:00:00', '1'),
(191, '2020-03-26', 'Intan Savina ', NULL, 22, 'P', 'Desa Botolinggo', 3, 'INDONESIA', 'BONDOWOSO', '0000-00-00', NULL, 'ODP', 'T', NULL, 'SURABAYA', 'BATUK,PILEK', 'Tidak', '0000-00-00', NULL, NULL, NULL, NULL, 22, 1, '2020-04-13 06:00:00', '2020-04-13 06:00:00', '1'),
(192, '2020-03-26', 'SANINGWAR', NULL, 60, 'L', 'PENAMBANGAN RT 07', 5, 'INDONESIA', 'BONDOWOSO', '0000-00-00', NULL, 'ODP', 'T', NULL, 'BALI', 'BATUK,PILEK,SESAK', 'Tidak', '0000-00-00', NULL, NULL, NULL, NULL, 15, 1, '2020-04-13 06:00:00', '2020-04-13 06:00:00', '1'),
(193, '2020-03-26', 'YUSUF', NULL, 42, 'L', 'CURAHDAMI RT 03', 5, 'INDONESIA', 'BONDOWOSO', '0000-00-00', NULL, 'ODP', 'T', NULL, 'BALI', 'BATUK', 'Tidak', '0000-00-00', NULL, NULL, NULL, NULL, 15, 1, '2020-04-13 06:00:00', '2020-04-13 06:00:00', '1'),
(194, '2020-03-26', 'RISWAN', NULL, 24, 'L', 'ASMIL 514', 5, 'INDONESIA', 'BONDOWOSO', '0000-00-00', NULL, 'ODP', 'T', NULL, 'JAKARTA', 'BATUK', 'Tidak', '0000-00-00', NULL, NULL, NULL, NULL, 15, 1, '2020-04-13 06:00:00', '2020-04-13 06:00:00', '1'),
(195, '2020-03-26', 'ARIFIN ODE', NULL, 22, 'L', 'ASMIL 514', 5, 'INDONESIA', 'BONDOWOSO', '0000-00-00', NULL, 'ODP', 'T', NULL, 'DEPOK', 'BATUK, PILEK', 'Tidak', '0000-00-00', NULL, NULL, NULL, NULL, 15, 1, '2020-04-13 06:00:00', '2020-04-13 06:00:00', '1'),
(196, '2020-03-26', 'DESRIANTO SUGANDA', NULL, 24, 'L', 'ASMIL 514', 5, 'INDONESIA', 'BONDOWOSO', '0000-00-00', NULL, 'ODP', 'T', NULL, 'DEPOK', 'PILEK', 'Tidak', '0000-00-00', NULL, NULL, NULL, NULL, 15, 1, '2020-04-13 06:00:00', '2020-04-13 06:00:00', '1'),
(197, '2020-03-26', 'AJID FAKHIZAL', NULL, 22, 'L', 'ASMIL 514', 5, 'INDONESIA', 'BONDOWOSO', '0000-00-00', NULL, 'ODP', 'T', NULL, 'DEPOK', 'PILEK', 'Tidak', '0000-00-00', NULL, NULL, NULL, NULL, 15, 1, '2020-04-13 06:00:00', '2020-04-13 06:00:00', '1'),
(198, '2020-03-26', 'ALIEN KAPATSAI', NULL, 24, 'L', 'ASMIL 514', 5, 'INDONESIA', 'BONDOWOSO', '0000-00-00', NULL, 'ODP', 'T', NULL, 'DEPOK', 'PILEK', 'Tidak', '0000-00-00', NULL, NULL, NULL, NULL, 15, 1, '2020-04-13 06:00:00', '2020-04-13 06:00:00', '1'),
(199, '2020-03-26', 'ANUGRAH FIKRI', NULL, 23, 'L', 'ASMIL 514', 5, 'INDONESIA', 'BONDOWOSO', '0000-00-00', NULL, 'ODP', 'T', NULL, 'DEPOK', 'PILEK', 'Tidak', '0000-00-00', NULL, NULL, NULL, NULL, 15, 1, '2020-04-13 06:00:00', '2020-04-13 06:00:00', '1'),
(200, '2020-03-26', 'MAHADI HARAHAP', NULL, 23, 'L', 'ASMIL 514', 5, 'INDONESIA', 'BONDOWOSO', '0000-00-00', NULL, 'ODP', 'T', NULL, 'DEPOK', 'BATUK', 'Tidak', '0000-00-00', NULL, NULL, NULL, NULL, 15, 1, '2020-04-13 06:00:00', '2020-04-13 06:00:00', '1'),
(201, '2020-03-26', 'INGWER BADIDI', NULL, 25, 'L', 'ASMIL 514', 5, 'INDONESIA', 'BONDOWOSO', '0000-00-00', NULL, 'ODP', 'T', NULL, 'DEPOK', 'BATUK', 'Tidak', '0000-00-00', NULL, NULL, NULL, NULL, 15, 1, '2020-04-13 06:00:00', '2020-04-13 06:00:00', '1'),
(202, '2020-03-26', 'PUPUNG SAEPUL', NULL, 24, 'L', 'ASMIL 514', 5, 'INDONESIA', 'BONDOWOSO', '0000-00-00', NULL, 'ODP', 'T', NULL, 'DEPOK', 'BATUK BERDAHAK', 'Tidak', '0000-00-00', NULL, NULL, NULL, NULL, 15, 1, '2020-04-13 06:00:00', '2020-04-13 06:00:00', '1'),
(203, '2020-03-26', 'SAIFUL', NULL, 20, 'L', 'PAKUWESI RT 06', 5, 'INDONESIA', 'BONDOWOSO', '0000-00-00', NULL, 'ODP', 'T', NULL, 'BALI', 'PUSING,DEMAM', 'Tidak', '0000-00-00', NULL, NULL, NULL, NULL, 15, 1, '2020-04-13 06:00:00', '2020-04-13 06:00:00', '1'),
(204, '2020-03-26', 'MUHLIS', NULL, 20, 'L', 'PAKUWESI RT 05', 5, 'INDONESIA', 'BONDOWOSO', '0000-00-00', NULL, 'ODP', 'Y', NULL, 'BALI', 'BATUK, DEMAM,', 'Tidak', '0000-00-00', NULL, NULL, NULL, NULL, 15, 1, '2020-04-13 06:00:00', '2020-04-13 06:00:00', '1'),
(205, '2020-03-26', 'DULMUKTI', NULL, 41, 'L', 'DESA TLOGOSARI RT11', 21, 'INDONESIA', 'BONDOWOSO', '0000-00-00', NULL, 'ODP', 'T', NULL, 'BALI', NULL, 'Tidak', '0000-00-00', NULL, NULL, NULL, NULL, 6, 1, '2020-04-13 06:00:00', '2020-04-13 06:00:00', '1'),
(206, '2020-03-26', 'HADI', NULL, 38, 'L', 'DESA PAKISAN RT 22', 21, 'INDONESIA', 'BONDOWOSO', '0000-00-00', NULL, 'ODP', 'T', NULL, 'BALI', NULL, 'Tidak', '0000-00-00', NULL, NULL, NULL, NULL, 6, 1, '2020-04-13 06:00:00', '2020-04-13 06:00:00', '1'),
(207, '2020-03-27', 'AGUS SUKWAJI', NULL, 0, 'L', 'DESA TLOGOSARI RT1', 21, 'INDONESIA', 'BONDOWOSO', '0000-00-00', NULL, 'ODP', 'T', NULL, 'BALI', NULL, 'Tidak', '0000-00-00', NULL, NULL, NULL, NULL, 6, 1, '2020-04-13 06:00:00', '2020-04-13 06:00:00', '1'),
(208, '2020-03-26', 'LAILATUN RAHMAH', NULL, 23, 'P', 'DESA WRINGIN', 23, 'INDONESIA', 'BONDOWOSO', '0000-00-00', NULL, 'ODP', 'T', NULL, 'MALANG', 'DEMAM,BATUK', 'Tidak', '0000-00-00', NULL, NULL, NULL, NULL, 18, 1, '2020-04-13 06:00:00', '2020-04-13 06:00:00', '1'),
(209, '2020-03-26', 'AFIS', NULL, 16, 'L', 'DESA WRINGIN', 23, 'INDONESIA', 'BONDOWOSO', '0000-00-00', NULL, 'ODP', 'T', NULL, 'BALI', 'DEMAM,BATUK', 'Tidak', '0000-00-00', NULL, NULL, NULL, NULL, 18, 1, '2020-04-13 06:00:00', '2020-04-13 06:00:00', '1'),
(210, '2020-03-26', 'HAZALI', NULL, 39, 'L', 'DESA AMBULU', 23, 'INDONESIA', 'BONDOWOSO', '0000-00-00', NULL, 'ODP', 'T', NULL, 'BALI', 'BATUK', 'Tidak', '0000-00-00', NULL, NULL, NULL, NULL, 18, 1, '2020-04-13 06:00:00', '2020-04-13 06:00:00', '1'),
(211, '2020-03-26', 'SORTONI', NULL, 60, 'P', 'DESA AMBULU', 23, 'INDONESIA', 'BONDOWOSO', '0000-00-00', NULL, 'ODP', 'T', NULL, 'BALI', 'BATUK', 'Tidak', '0000-00-00', NULL, NULL, NULL, NULL, 18, 1, '2020-04-13 06:00:00', '2020-04-13 06:00:00', '1'),
(212, '2020-03-27', 'IRFAN EFENDI', NULL, 30, 'L', 'PEKAUMAN RT 5', 6, 'INDONESIA', 'BONDOWOSO', '0000-00-00', NULL, 'ODP', 'T', NULL, 'BALI', 'BATUK', 'Tidak', '0000-00-00', NULL, NULL, NULL, NULL, 2, 1, '2020-04-13 06:00:00', '2020-04-13 06:00:00', '1'),
(213, '2020-03-27', 'ABD. MANNAN', NULL, 42, 'L', 'JERUK SOK SOK', 1, 'INDONESIA', 'BONDOWOSO', '0000-00-00', NULL, 'ODP', 'T', NULL, 'BALI', 'BATUK , DEMAM S; 38,2', 'Tidak', '0000-00-00', NULL, NULL, NULL, NULL, 16, 1, '2020-04-13 06:00:00', '2020-04-13 06:00:00', '1'),
(214, '2020-03-27', 'LINDA', NULL, 27, 'P', 'KRETEK', 16, 'INDONESIA', 'BONDOWOSO', '0000-00-00', NULL, 'ODP', 'T', NULL, 'SURABAYA', 'DEMAM, BATUK', 'Tidak', '0000-00-00', NULL, NULL, NULL, NULL, 20, 1, '2020-04-13 06:00:00', '2020-04-13 06:00:00', '1'),
(215, '2020-03-27', 'Arni', NULL, 42, 'P', 'Sempol Rt 38 Rw 16', 11, 'INDONESIA', 'BONDOWOSO', '0000-00-00', NULL, 'ODP', 'T', NULL, 'ARAB SAUDI', NULL, 'Tidak', '0000-00-00', NULL, NULL, NULL, NULL, 23, 1, '2020-04-13 06:00:00', '2020-04-13 06:00:00', '1'),
(216, '2020-03-26', 'HENDICA DIAN', NULL, 31, 'L', 'JL. ABDUL WAHID RT 8 RW 6 BADEAN', 2, 'INDONESIA', 'BONDOWOSO', '0000-00-00', NULL, 'ODP', 'T', NULL, 'KONTAK ERAT MM', 'BATUK,SESAK', 'Tidak', '0000-00-00', NULL, NULL, NULL, NULL, 12, 1, '2020-04-13 06:00:00', '2020-04-13 06:00:00', '1'),
(217, '2020-03-26', 'ANITA, NY', NULL, 41, 'P', 'BLINDUNGAN RT. 20/06', 2, 'INDONESIA', 'BONDOWOSO', '0000-00-00', NULL, 'ODP', 'T', NULL, 'PASURUAN', NULL, 'Tidak', '0000-00-00', NULL, NULL, NULL, NULL, 13, 1, '2020-04-13 06:00:00', '2020-04-13 06:00:00', '1'),
(218, '2020-03-26', 'ZUHAIMI', NULL, 16, 'L', 'DAWUHAN 19/3 ', 6, 'INDONESIA', 'BONDOWOSO', '0000-00-00', NULL, 'ODP', 'Y', NULL, 'BALI', 'MUAL, MUNTAH', 'Sudah', '2020-03-27', NULL, NULL, 'NEGATIF', NULL, 2, 1, '2020-04-13 06:00:00', '2020-04-13 06:00:00', '1'),
(219, '2020-03-27', 'M. SAHZAD ELVANO DYANDRA', NULL, 2, 'P', 'CLAUSTER VILLA KEMBANG NO. 12 RT 35/ RW 10', 2, 'INDONESIA', 'BONDOWOSO', '0000-00-00', NULL, 'ODP', 'T', NULL, 'MALANG', 'DEMEM, BATUK', 'Tidak', '2020-04-06', NULL, NULL, NULL, NULL, 12, 1, '2020-04-13 06:00:00', '2020-04-13 06:00:00', '1'),
(220, '2020-03-27', 'Pak Munif', NULL, 24, 'L', 'Lombok kulon', 22, 'INDONESIA', 'BONDOWOSO', '0000-00-00', NULL, 'ODP', 'T', NULL, 'Bali', 'DEMAM, BATUK, PILEK', 'Tidak', '2020-04-12', NULL, NULL, NULL, NULL, 10, 1, '2020-04-13 06:00:00', '2020-04-13 06:00:00', '1'),
(221, '2020-03-25', 'Nadif', NULL, 25, 'L', 'Gunung Sari Rt 05', 9, 'INDONESIA', 'BONDOWOSO', '0000-00-00', NULL, 'ODP', 'T', NULL, 'SURABAYA', NULL, 'Tidak', '0000-00-00', NULL, NULL, NULL, NULL, 1, 1, '2020-04-13 06:00:00', '2020-04-13 06:00:00', '1'),
(222, '2020-03-26', 'Li Martin', NULL, 32, 'P', 'Ds Grujugan Lor Rt 21', 7, 'INDONESIA', 'BONDOWOSO', '0000-00-00', NULL, 'ODP', 'T', NULL, 'Malaysia', 'Demam', 'Tidak', '0000-00-00', NULL, NULL, NULL, NULL, 4, 1, '2020-04-13 06:00:00', '2020-04-13 06:00:00', '1'),
(223, '2020-03-26', 'Ubaidilah', NULL, 35, 'L', 'Ds grujugan Lor Rt 16/3', 7, 'INDONESIA', 'BONDOWOSO', '0000-00-00', NULL, 'ODP', 'T', NULL, 'MALANG', 'Pilek<Demam,Batuk', 'Tidak', '0000-00-00', NULL, NULL, NULL, NULL, 4, 1, '2020-04-13 06:00:00', '2020-04-13 06:00:00', '1'),
(224, '2020-03-26', 'Lina tri puspita', NULL, 31, 'P', 'Ds grujugan Lor Rt 35/7', 7, 'INDONESIA', 'BONDOWOSO', '0000-00-00', NULL, 'ODP', 'T', NULL, 'sidoarjo', 'batuk,pilek', 'Tidak', '0000-00-00', NULL, NULL, NULL, NULL, 4, 1, '2020-04-13 06:00:00', '2020-04-13 06:00:00', '1'),
(225, '2020-03-27', 'SUDARYO', NULL, 75, 'L', 'TEGALAMPEL RT 3', 19, 'INDONESIA', 'BONDOWOSO', '0000-00-00', NULL, 'ODP', 'T', NULL, 'KEDIRI', 'BATUK,PILEK', 'Tidak', '0000-00-00', NULL, NULL, NULL, NULL, 19, 1, '2020-04-13 06:00:00', '2020-04-13 06:00:00', '1'),
(226, '2020-03-27', 'DAMAR TRISNA', NULL, 19, 'L', 'SEKARPUTIH RT 3 RW 01', 19, 'INDONESIA', 'BONDOWOSO', '0000-00-00', NULL, 'ODP', 'T', NULL, 'SURABAYA', 'DEMAM', 'Tidak', '0000-00-00', NULL, NULL, NULL, NULL, 19, 1, '2020-04-13 06:00:00', '2020-04-13 06:00:00', '1'),
(227, '2020-03-27', 'YONGKI', NULL, 32, 'L', 'KLABANG RT 07', 8, 'INDONESIA', 'BONDOWOSO', '0000-00-00', NULL, 'ODP', 'T', NULL, 'BALI', 'PANAS, BATUK, PILEK', 'Tidak', '0000-00-00', NULL, NULL, NULL, NULL, 25, 1, '2020-04-13 06:00:00', '2020-04-13 06:00:00', '1'),
(228, '2020-03-27', 'Muhmmad Sidik', NULL, 38, 'L', 'Patemon RT 2', 10, 'INDONESIA', 'BONDOWOSO', '0000-00-00', NULL, 'ODP', 'T', NULL, 'MALANG', 'Faringitis', 'Tidak', '0000-00-00', NULL, NULL, NULL, NULL, 17, 1, '2020-04-13 06:00:00', '2020-04-13 06:00:00', '1'),
(229, '2020-03-27', 'Abdul Azari', NULL, 22, 'L', 'Andungsari RT 13', 10, 'INDONESIA', 'BONDOWOSO', '0000-00-00', NULL, 'ODP', 'T', NULL, 'Bali', 'ISPA, GEA', 'Tidak', '0000-00-00', NULL, NULL, NULL, NULL, 17, 1, '2020-04-13 06:00:00', '2020-04-13 06:00:00', '1'),
(230, '2020-03-26', 'FAD HUDA', NULL, 34, 'L', 'MENGEN RT 1', 17, 'INDONESIA', 'BONDOWOSO', '0000-00-00', NULL, 'ODP', 'T', NULL, 'BALI', 'DEMAM', 'Tidak', '0000-00-00', NULL, NULL, NULL, NULL, 3, 1, '2020-04-13 06:00:00', '2020-04-13 06:00:00', '1'),
(231, '2020-03-26', 'BAHRUL', NULL, 18, 'L', 'MENGEN RT 11', 17, 'INDONESIA', 'BONDOWOSO', '0000-00-00', NULL, 'ODP', 'T', NULL, 'BALI', 'BATUK, PILEK 2 HARI', 'Tidak', '0000-00-00', NULL, NULL, NULL, NULL, 3, 1, '2020-04-13 06:00:00', '2020-04-13 06:00:00', '1'),
(232, '2020-03-28', 'FRENKY ABDUL HALIM', NULL, 19, 'L', 'SUMBER GADING 14 / 2', 15, 'INDONESIA', 'BONDOWOSO', '0000-00-00', NULL, 'ODP', 'T', NULL, 'BALI', 'DEMAM, BATUK', 'Tidak', '0000-00-00', NULL, NULL, NULL, NULL, 8, 1, '2020-04-13 06:00:00', '2020-04-13 06:00:00', '1'),
(233, '2020-03-24', 'DAVID', NULL, 8, 'L', 'SUMBER WARU', 1, 'INDONESIA', 'BONDOWOSO', '0000-00-00', NULL, 'ODP', 'T', NULL, 'KALIMANTAN', 'BATUK,PILEK,DEMAM,SAKIT TENGGOROKAN', 'Tidak', '0000-00-00', NULL, NULL, NULL, NULL, 16, 1, '2020-04-13 06:00:00', '2020-04-13 06:00:00', '1'),
(234, '2020-03-28', 'ABD.HALIM', NULL, 21, 'L', 'SBR.KOKAP', 16, 'INDONESIA', 'BONDOWOSO', '0000-00-00', NULL, 'ODP', 'T', NULL, 'MALANG', 'BATUK PILEK', 'Tidak', '0000-00-00', NULL, NULL, NULL, NULL, 20, 1, '2020-04-13 06:00:00', '2020-04-13 06:00:00', '1'),
(235, '2020-03-28', 'Halimatus Sakdiyah', NULL, 35, 'P', 'Lombok kulon', 22, 'INDONESIA', 'BONDOWOSO', '0000-00-00', NULL, 'ODP', 'T', NULL, 'BALI', 'Demam, pilek', 'Tidak', '0000-00-00', NULL, NULL, NULL, NULL, 10, 1, '2020-04-13 06:00:00', '2020-04-13 06:00:00', '1'),
(236, '2020-03-28', 'H.Ilyas', NULL, 50, 'L', 'Lombok kulon', 22, 'INDONESIA', 'BONDOWOSO', '0000-00-00', NULL, 'ODP', 'T', NULL, 'ARAB SAUDI', 'Batuk, sesak', 'Tidak', '0000-00-00', NULL, NULL, NULL, NULL, 10, 1, '2020-04-13 06:00:00', '2020-04-13 06:00:00', '1'),
(237, '2020-03-28', 'Hosnan', NULL, 34, 'L', 'Jumpong', 22, 'INDONESIA', 'BONDOWOSO', '0000-00-00', NULL, 'ODP', 'T', NULL, 'BALI', 'Demam. Batuk, pilek', 'Tidak', '0000-00-00', NULL, NULL, NULL, NULL, 10, 1, '2020-04-13 06:00:00', '2020-04-13 06:00:00', '1'),
(238, '2020-03-28', 'Zaini', NULL, 40, 'L', 'Lombok kulon rt 17', 22, 'INDONESIA', 'BONDOWOSO', '0000-00-00', NULL, 'ODP', 'T', NULL, 'BALI', 'Demam, batuk, pilek', 'Tidak', '0000-00-00', NULL, NULL, NULL, NULL, 10, 1, '2020-04-13 06:00:00', '2020-04-13 06:00:00', '1'),
(239, '2020-03-28', 'HARI SUGIANTO, TN', NULL, 34, 'L', 'BLINDUNGAN RT. 08/03', 2, 'INDONESIA', 'BONDOWOSO', '0000-00-00', NULL, 'ODP', 'T', NULL, 'SURABAYA', NULL, 'Tidak', '0000-00-00', NULL, NULL, NULL, NULL, 13, 1, '2020-04-13 06:00:00', '2020-04-13 06:00:00', '1'),
(240, '2020-03-28', 'FENTI DWI ANNISA', NULL, 25, 'P', 'KOS DI BLKNG DONI BLINDUNGAN', 2, 'INDONESIA', 'BONDOWOSO', '0000-00-00', NULL, 'ODP', 'T', NULL, 'SIDOARJO', NULL, 'Tidak', '0000-00-00', NULL, NULL, NULL, NULL, 13, 1, '2020-04-13 06:00:00', '2020-04-13 06:00:00', '1'),
(241, '2020-03-28', 'TAUFIK AMIN, TN', NULL, 47, 'L', 'KOTAKULON RT. 24', 2, 'INDONESIA', 'BONDOWOSO', '0000-00-00', NULL, 'ODP', 'T', NULL, 'YOGYAKARTA', NULL, 'Tidak', '0000-00-00', NULL, NULL, NULL, NULL, 13, 1, '2020-04-13 06:00:00', '2020-04-13 06:00:00', '1'),
(242, '2020-03-28', 'Ahmad edi', NULL, 22, 'L', 'Cermee rt 09', 4, 'INDONESIA', 'BONDOWOSO', '0000-00-00', NULL, 'ODP', 'T', NULL, 'SITUBONDO', 'Demam, Batuk,sesak', 'Tidak', '0000-00-00', NULL, NULL, NULL, NULL, 24, 1, '2020-04-13 06:00:00', '2020-04-13 06:00:00', '1'),
(243, '2020-03-28', 'TURHAYANA', NULL, 50, 'P', 'SUMBERSALAK RT 02/01', 5, 'INDONESIA', 'BONDOWOSO', '0000-00-00', NULL, 'ODP', 'T', NULL, 'BALI', 'BATUK, PILEK', 'Tidak', '0000-00-00', NULL, NULL, NULL, NULL, 15, 1, '2020-04-13 06:00:00', '2020-04-13 06:00:00', '1'),
(244, '2020-03-28', 'HASIM', NULL, 20, 'L', 'PAKUWESI RT 05', 5, 'INDONESIA', 'BONDOWOSO', '0000-00-00', NULL, 'ODP', 'T', NULL, 'SITUBONDO', 'BATUK', 'Tidak', '0000-00-00', NULL, NULL, NULL, NULL, 15, 1, '2020-04-13 06:00:00', '2020-04-13 06:00:00', '1'),
(245, '2020-03-28', 'FATHOL.B', NULL, 24, 'L', 'KUPANG RT 01', 5, 'INDONESIA', 'BONDOWOSO', '0000-00-00', NULL, 'ODP', 'T', NULL, 'KONTAK ERAT MM', 'TIDAK ADA KELUHAN', 'Tidak', '0000-00-00', NULL, NULL, NULL, NULL, 15, 1, '2020-04-13 06:00:00', '2020-04-13 06:00:00', '1'),
(246, '2020-03-28', 'SUNARYATI', NULL, 70, 'P', 'DESA GUBRIH', 23, 'INDONESIA', 'BONDOWOSO', '0000-00-00', NULL, 'ODP', 'T', NULL, 'BALI', 'BATUK,PILEK', 'Tidak', '0000-00-00', NULL, NULL, NULL, NULL, 18, 1, '2020-04-13 06:00:00', '2020-04-13 06:00:00', '1'),
(247, '2020-03-29', 'Abdus sukur', NULL, 40, 'L', 'Bendoarum ', 22, 'INDONESIA', 'BONDOWOSO', '0000-00-00', NULL, 'ODP', 'T', NULL, 'BALI', 'Batuk', 'Tidak', '0000-00-00', NULL, NULL, NULL, NULL, 10, 1, '2020-04-13 06:00:00', '2020-04-13 06:00:00', '1'),
(248, '2020-03-29', 'Widia', NULL, 23, 'P', 'Gambangan Rt 04', 9, 'INDONESIA', 'BONDOWOSO', '0000-00-00', NULL, 'ODP', 'T', NULL, 'JEMBER', NULL, 'Tidak', '0000-00-00', NULL, NULL, NULL, NULL, 1, 1, '2020-04-13 06:00:00', '2020-04-13 06:00:00', '1'),
(249, '2020-03-29', 'MARIJA', NULL, 31, 'L', 'PETUNG RT 05', 5, 'INDONESIA', 'BONDOWOSO', '0000-00-00', NULL, 'ODP', 'T', NULL, 'SURABAYA', 'BATUK,PILEK,PUSING', 'Tidak', '0000-00-00', NULL, NULL, NULL, NULL, 15, 1, '2020-04-13 06:00:00', '2020-04-13 06:00:00', '1'),
(250, '2020-03-29', 'MISBAHUL ULUM', NULL, 19, 'L', 'SUMBERSUKO RT 06', 5, 'INDONESIA', 'BONDOWOSO', '0000-00-00', NULL, 'ODP', 'T', NULL, 'PROBOLINGGO', 'BATUK', 'Tidak', '0000-00-00', NULL, NULL, NULL, NULL, 15, 1, '2020-04-13 06:00:00', '2020-04-13 06:00:00', '1'),
(251, '2020-03-27', 'Hodi', NULL, 48, 'L', 'Bercak Asri Rt 1', 4, 'INDONESIA', 'BONDOWOSO', '0000-00-00', NULL, 'ODP', 'T', NULL, 'BALI', 'Batuk dan Pilek', 'Tidak', '0000-00-00', NULL, NULL, NULL, NULL, 24, 1, '2020-04-13 06:00:00', '2020-04-13 06:00:00', '1'),
(252, '2020-03-27', 'Ernawati', NULL, 42, 'P', 'Bercak Asri Rt 1', 4, 'INDONESIA', 'BONDOWOSO', '0000-00-00', NULL, 'ODP', 'T', NULL, 'BALI', 'Batuk dan Pilek', 'Tidak', '0000-00-00', NULL, NULL, NULL, NULL, 24, 1, '2020-04-13 06:00:00', '2020-04-13 06:00:00', '1'),
(253, '2020-03-27', 'Okta Putri Olivia', NULL, 5, 'P', 'Bercak Asri Rt 1', 4, 'INDONESIA', 'BONDOWOSO', '0000-00-00', NULL, 'ODP', 'T', NULL, 'BALI', 'Batuk dan Pilek', 'Tidak', '0000-00-00', NULL, NULL, NULL, NULL, 24, 1, '2020-04-13 06:00:00', '2020-04-13 06:00:00', '1'),
(254, '2020-03-27', 'Ahmad Subairi', NULL, 19, 'L', 'Bercak Asri Rt 18', 4, 'INDONESIA', 'BONDOWOSO', '0000-00-00', NULL, 'ODP', 'T', NULL, 'BALI', 'Batuk dan Pilek', 'Tidak', '0000-00-00', NULL, NULL, NULL, NULL, 24, 1, '2020-04-13 06:00:00', '2020-04-13 06:00:00', '1'),
(255, '2020-03-28', 'HAMINTO', NULL, 43, 'L', 'DESA GUNOSARI RT01', 21, 'INDONESIA', 'BONDOWOSO', '0000-00-00', NULL, 'ODP', 'T', NULL, 'BALI', NULL, 'Tidak', '0000-00-00', NULL, NULL, NULL, NULL, 6, 1, '2020-04-13 06:00:00', '2020-04-13 06:00:00', '1'),
(256, '2020-03-30', 'AYIP', NULL, 35, 'L', 'DESA SULEK', 21, 'INDONESIA', 'BONDOWOSO', '0000-00-00', NULL, 'ODP', 'T', NULL, 'BALI', NULL, 'Tidak', '0000-00-00', NULL, NULL, NULL, NULL, 6, 1, '2020-04-13 06:00:00', '2020-04-13 06:00:00', '1'),
(257, '2020-03-30', 'HOLIS WAHYUDI', NULL, 55, 'L', 'DESA JEBUNGNKIDUL RT16', 21, 'INDONESIA', 'BONDOWOSO', '0000-00-00', NULL, 'ODP', 'T', NULL, 'SULAWESI', NULL, 'Tidak', '0000-00-00', NULL, NULL, NULL, NULL, 6, 1, '2020-04-13 06:00:00', '2020-04-13 06:00:00', '1'),
(258, '2020-03-30', 'Sujarwo', NULL, 40, 'L', 'Walidono Rt 4 Rw 2', 11, 'INDONESIA', 'BONDOWOSO', '0000-00-00', NULL, 'ODP', 'T', 'RSIA Jatimed Besuki', 'JAKARTA', 'Menggigil, Sakit Kepala, Tenggorokan sakit dan Riw', 'Tidak', '0000-00-00', NULL, NULL, NULL, NULL, 23, 1, '2020-04-13 06:00:00', '2020-04-13 06:00:00', '1'),
(259, '2020-03-28', 'Adrian', NULL, 6, 'L', 'Mrawan', 18, 'INDONESIA', 'BONDOWOSO', '0000-00-00', NULL, 'ODP', 'T', NULL, 'BALI', NULL, 'Tidak', '0000-00-00', NULL, NULL, NULL, NULL, 9, 1, '2020-04-13 06:00:00', '2020-04-13 06:00:00', '1'),
(260, '2020-03-29', 'Zaini', NULL, 50, 'L', 'Gadingsari RT 21', 10, 'INDONESIA', 'BONDOWOSO', '0000-00-00', NULL, 'ODP', 'T', NULL, 'SURABAYA', 'ISPA', 'Tidak', '0000-00-00', NULL, NULL, NULL, NULL, 17, 1, '2020-04-13 06:00:00', '2020-04-13 06:00:00', '1'),
(261, '2020-03-29', 'Munawar', NULL, 57, 'L', 'Pakem RT 2', 10, 'INDONESIA', 'BONDOWOSO', '0000-00-00', NULL, 'ODP', 'T', NULL, 'BALI', 'ISPA', 'Tidak', '0000-00-00', NULL, NULL, NULL, NULL, 17, 1, '2020-04-13 06:00:00', '2020-04-13 06:00:00', '1'),
(262, '2020-03-29', 'HAMDANI', NULL, 40, 'L', 'SUMBER WARU', 1, 'INDONESIA', 'BONDOWOSO', '0000-00-00', NULL, 'ODP', 'T', NULL, 'BALI', 'NYERI TELAN,BATUK', 'Tidak', '0000-00-00', NULL, NULL, NULL, NULL, 16, 1, '2020-04-13 06:00:00', '2020-04-13 06:00:00', '1'),
(263, '2020-03-30', 'Asip', NULL, 35, 'L', 'pakem RT 2', 10, 'INDONESIA', 'BONDOWOSO', '0000-00-00', NULL, 'ODP', 'T', NULL, 'GRESIK', 'ISPA', 'Tidak', '0000-00-00', NULL, NULL, NULL, NULL, 17, 1, '2020-04-13 06:00:00', '2020-04-13 06:00:00', '1'),
(264, '2020-03-30', 'SOLEMAN', NULL, 32, 'L', 'NOGOSARI RT 12', 14, 'INDONESIA', 'BONDOWOSO', '0000-00-00', NULL, 'ODP', 'T', NULL, 'MALAYSIA', 'BATUK 10 HARI', 'Tidak', '0000-00-00', NULL, NULL, NULL, NULL, 7, 1, '2020-04-13 06:00:00', '2020-04-13 06:00:00', '1'),
(265, '2020-03-30', 'EDI SUGIRYO', NULL, 44, 'L', 'KERANG RT 4', 14, 'INDONESIA', 'BONDOWOSO', '0000-00-00', NULL, 'ODP', 'T', NULL, 'BALI', 'PILEK', 'Tidak', '0000-00-00', NULL, NULL, NULL, NULL, 7, 1, '2020-04-13 06:00:00', '2020-04-13 06:00:00', '1'),
(266, '2020-03-28', 'siti', NULL, 23, 'P', 'Batu Ampar Rt 1', 4, 'INDONESIA', 'BONDOWOSO', '0000-00-00', NULL, 'ODP', 'T', NULL, 'SITUBONDO', 'demam, batuk, pilek', 'Tidak', '0000-00-00', NULL, NULL, NULL, NULL, 24, 1, '2020-04-13 06:00:00', '2020-04-13 06:00:00', '1'),
(267, '2020-03-28', 'himnayatul husna', NULL, 18, 'P', 'Ds Tegal Pasir, t. manik rt 14', 7, 'INDONESIA', 'BONDOWOSO', '0000-00-00', NULL, 'ODP', 'T', NULL, 'PROBOLINGGO', 'batuk,pilek', 'Tidak', '0000-00-00', NULL, NULL, NULL, NULL, 4, 1, '2020-04-13 06:00:00', '2020-04-13 06:00:00', '1'),
(268, '2020-03-28', 'rifqillah al adani', NULL, 15, 'P', 'Ds Tegal Pasir, t. manik rt 14', 7, 'INDONESIA', 'BONDOWOSO', '0000-00-00', NULL, 'ODP', 'T', NULL, 'JEMBER', 'batuk,pilek', 'Tidak', '0000-00-00', NULL, NULL, NULL, NULL, 4, 1, '2020-04-13 06:00:00', '2020-04-13 06:00:00', '1'),
(269, '2020-03-30', 'Layyinah', NULL, 14, 'P', 'Ds Pucang anom Rt 11', 7, 'INDONESIA', 'BONDOWOSO', '0000-00-00', NULL, 'ODP', 'T', NULL, 'Jember', 'Demam,Batuk,pilek', 'Tidak', '0000-00-00', NULL, NULL, NULL, NULL, 4, 1, '2020-04-13 06:00:00', '2020-04-13 06:00:00', '1'),
(270, '2020-03-30', 'Rifa\'I', NULL, 38, 'L', 'Ds pengarang Rt 13/3', 7, 'INDONESIA', 'BONDOWOSO', '0000-00-00', NULL, 'ODP', 'T', NULL, 'Surabaya', 'batuk,pilek', 'Tidak', '0000-00-00', NULL, NULL, NULL, NULL, 4, 1, '2020-04-13 06:00:00', '2020-04-13 06:00:00', '1'),
(271, '2020-03-30', 'M. Arifin ', NULL, 20, 'L', 'Ds Grujugan Lor rt 07', 7, 'INDONESIA', 'BONDOWOSO', '0000-00-00', NULL, 'ODP', 'T', NULL, 'Surabaya', 'batuk,pilek', 'Tidak', '0000-00-00', NULL, NULL, NULL, NULL, 4, 1, '2020-04-13 06:00:00', '2020-04-13 06:00:00', '1'),
(272, '2020-03-30', 'RIANTO', NULL, 25, 'L', 'DESA BUKOR', 23, 'INDONESIA', 'BONDOWOSO', '0000-00-00', NULL, 'ODP', 'T', NULL, 'BALI', 'DEMAM,BATUK,PILEK', 'Tidak', '0000-00-00', NULL, NULL, NULL, NULL, 18, 1, '2020-04-13 06:00:00', '2020-04-13 06:00:00', '1'),
(273, '2020-03-30', 'DIANA SUSILOWATI', NULL, 14, 'P', 'DESA SUMBER CANTING', 23, 'INDONESIA', 'BONDOWOSO', '0000-00-00', NULL, 'ODP', 'T', NULL, 'BALI', 'DEMAM', 'Tidak', '0000-00-00', NULL, NULL, NULL, NULL, 18, 1, '2020-04-13 06:00:00', '2020-04-13 06:00:00', '1'),
(274, '2020-03-30', 'VERA', NULL, 13, 'P', 'DESA SUMBER CANTING', 23, 'INDONESIA', 'BONDOWOSO', '0000-00-00', NULL, 'ODP', 'T', NULL, 'BALI', 'DEMAM,BATUK', 'Tidak', '0000-00-00', NULL, NULL, NULL, NULL, 18, 1, '2020-04-13 06:00:00', '2020-04-13 06:00:00', '1'),
(275, '2020-03-30', 'HOLIL', NULL, 35, 'L', 'DESA JAMBEWUNGU', 23, 'INDONESIA', 'BONDOWOSO', '0000-00-00', NULL, 'ODP', 'T', NULL, 'BALI', 'DEMAM,BATUK,PILEK', 'Tidak', '0000-00-00', NULL, NULL, NULL, NULL, 18, 1, '2020-04-13 06:00:00', '2020-04-13 06:00:00', '1'),
(276, '2020-03-30', 'YUDHA', NULL, 30, 'L', 'TEGALAMPEL RT 6', 19, 'INDONESIA', 'BONDOWOSO', '0000-00-00', NULL, 'ODP', 'T', NULL, 'SOLO', 'DEMAM,BATUK', 'Tidak', '0000-00-00', NULL, NULL, NULL, NULL, 19, 1, '2020-04-13 06:00:00', '2020-04-13 06:00:00', '1'),
(277, '2020-03-31', 'FARIDATUL JANNAH', NULL, 14, 'P', 'TAMAN', 16, 'INDONESIA', 'BONDOWOSO', '0000-00-00', NULL, 'ODP', 'T', NULL, 'SITUBONDO', 'BATUK', 'Tidak', '0000-00-00', NULL, NULL, NULL, NULL, 20, 1, '2020-04-13 06:00:00', '2020-04-13 06:00:00', '1'),
(278, '2020-03-31', 'SARIFATUL AINI', NULL, 21, 'P', 'TAMAN', 16, 'INDONESIA', 'BONDOWOSO', '0000-00-00', NULL, 'ODP', 'T', NULL, 'SITUBONDO', 'BATUK', 'Tidak', '0000-00-00', NULL, NULL, NULL, NULL, 20, 1, '2020-04-13 06:00:00', '2020-04-13 06:00:00', '1'),
(279, '2020-03-31', 'LEORETA DOLA', NULL, 25, 'P', 'GRUJUGAN KIDUL', 6, 'INDONESIA', 'BONDOWOSO', '0000-00-00', NULL, 'ODP', 'T', NULL, 'KONTAK ERAT MM', 'HAMIL', 'Tidak', '0000-00-00', NULL, NULL, NULL, NULL, 2, 1, '2020-04-13 06:00:00', '2020-04-13 06:00:00', '1'),
(280, '2020-03-31', 'Putri Aniyatul J', NULL, 20, 'P', 'Petung RT 6', 10, 'INDONESIA', 'BONDOWOSO', '0000-00-00', NULL, 'ODP', 'T', NULL, 'JEMBER', 'ISPA', 'Tidak', '0000-00-00', NULL, NULL, NULL, NULL, 17, 1, '2020-04-13 06:00:00', '2020-04-13 06:00:00', '1'),
(281, '2020-03-28', 'P.ANA', NULL, 50, 'L', 'TANGGULANGIN', 19, 'INDONESIA', 'BONDOWOSO', '0000-00-00', NULL, 'ODP', 'T', NULL, 'BALI', 'NYERI TENGGOROKAN,PILEK (RIWAYAT MRS DX DB)', 'Tidak', '0000-00-00', NULL, NULL, NULL, NULL, 19, 1, '2020-04-13 06:00:00', '2020-04-13 06:00:00', '1'),
(282, '2020-03-31', 'IZAL KAROMAH', NULL, 15, 'P', 'GADING SARI', 1, 'INDONESIA', 'BONDOWOSO', '0000-00-00', NULL, 'ODP', 'T', NULL, 'PASURUAN', 'DEMAM', 'Tidak', '0000-00-00', NULL, NULL, NULL, NULL, 16, 1, '2020-04-13 06:00:00', '2020-04-13 06:00:00', '1'),
(283, '2020-03-31', 'RITA AGUSTIN', NULL, 27, 'P', 'BLIMBING RT 05', 8, 'INDONESIA', 'BONDOWOSO', '0000-00-00', NULL, 'ODP', 'T', NULL, 'SITUBONDO', 'PANAS, BATUK, SESAK', 'Tidak', '0000-00-00', NULL, NULL, NULL, NULL, 25, 1, '2020-04-13 06:00:00', '2020-04-13 06:00:00', '1'),
(284, '2020-03-31', 'Bagas', NULL, 18, 'L', 'Kaligedang', 13, 'INDONESIA', 'BONDOWOSO', '0000-00-00', NULL, 'ODP', 'T', NULL, 'SITUBONDO', 'Panas 38,5 , diare', 'Tidak', '0000-00-00', NULL, NULL, NULL, NULL, 21, 1, '2020-04-13 06:00:00', '2020-04-13 06:00:00', '1'),
(285, '2020-03-31', 'Hamzah', NULL, 31, 'L', 'Sempol', 13, 'INDONESIA', 'Surabaya', '0000-00-00', NULL, 'ODP', 'T', NULL, 'Surabaya', 'Demam 38,3', 'Tidak', '0000-00-00', NULL, NULL, NULL, NULL, 21, 1, '2020-04-13 06:00:00', '2020-04-13 06:00:00', '1'),
(286, '2020-03-31', 'Sholeh', NULL, 19, 'L', 'Kalianyar', 13, 'INDONESIA', 'BONDOWOSO', '0000-00-00', NULL, 'ODP', 'T', NULL, 'SITUBONDO', 'Batuk 1 minggu', 'Tidak', '0000-00-00', NULL, NULL, NULL, NULL, 21, 1, '2020-04-13 06:00:00', '2020-04-13 06:00:00', '1'),
(287, '2020-03-31', 'M. Deska', NULL, 34, 'L', 'Kalisat', 13, 'INDONESIA', 'BONDOWOSO', '0000-00-00', NULL, 'ODP', 'T', NULL, 'SITUBONDO', 'batuk, pilek', 'Tidak', '0000-00-00', NULL, NULL, NULL, NULL, 21, 1, '2020-04-13 06:00:00', '2020-04-13 06:00:00', '1'),
(288, '2020-03-31', 'TOHARNI', NULL, 48, 'P', 'JETIS RT 14', 5, 'INDONESIA', 'BONDOWOSO', '0000-00-00', NULL, 'ODP', 'T', NULL, 'SITUBONDO', 'BATUK, DEMAM', 'Tidak', '0000-00-00', NULL, NULL, NULL, NULL, 15, 1, '2020-04-13 06:00:00', '2020-04-13 06:00:00', '1'),
(289, '2020-03-31', 'ERRU / B. RIRIN', NULL, 50, 'P', 'JETIS RT 10', 5, 'INDONESIA', 'BONDOWOSO', '0000-00-00', NULL, 'ODP', 'T', NULL, 'SITUBONDO', 'BATUK,NYERI TELAN', 'Tidak', '0000-00-00', NULL, NULL, NULL, NULL, 15, 1, '2020-04-13 06:00:00', '2020-04-13 06:00:00', '1'),
(290, '2020-03-31', 'RUDI', NULL, 17, 'L', 'REJOAGUNG 23 / 7', 15, 'INDONESIA', 'BONDOWOSO', '0000-00-00', NULL, 'ODP', 'T', NULL, 'BALI', 'BATUK', 'Tidak', '0000-00-00', NULL, NULL, NULL, NULL, 8, 1, '2020-04-13 06:00:00', '2020-04-13 06:00:00', '1'),
(291, '2020-03-31', 'SUSMIATI', NULL, 40, 'P', 'SUKOSARI KIDUL 26 / 5', 15, 'INDONESIA', 'BONDOWOSO', '0000-00-00', NULL, 'ODP', 'T', NULL, 'BALI', 'BATUK, PILEK, SESAK', 'Tidak', '0000-00-00', NULL, NULL, NULL, NULL, 8, 1, '2020-04-13 06:00:00', '2020-04-13 06:00:00', '1'),
(292, '2020-03-31', 'B TI', NULL, 60, 'P', 'SUKOSARI KIDUL 26 / 5', 15, 'INDONESIA', 'BONDOWOSO', '0000-00-00', NULL, 'ODP', 'T', NULL, 'BALI', 'BATUK< SESAK', 'Tidak', '0000-00-00', NULL, NULL, NULL, NULL, 8, 1, '2020-04-13 06:00:00', '2020-04-13 06:00:00', '1'),
(293, '2020-03-31', 'MULYANTO', NULL, 23, 'L', 'TEGALJATI 34 / 7', 15, 'INDONESIA', 'BONDOWOSO', '0000-00-00', NULL, 'ODP', 'T', NULL, 'BALI', 'BATUK', 'Tidak', '0000-00-00', NULL, NULL, NULL, NULL, 8, 1, '2020-04-13 06:00:00', '2020-04-13 06:00:00', '1'),
(294, '2020-03-31', 'RATRI', NULL, 17, 'P', 'REJOAGUNG 26 / 6', 15, 'INDONESIA', 'BONDOWOSO', '0000-00-00', NULL, 'ODP', 'T', NULL, 'SITUBONDO', 'DEMAM, BATUK', 'Tidak', '0000-00-00', NULL, NULL, NULL, NULL, 8, 1, '2020-04-13 06:00:00', '2020-04-13 06:00:00', '1'),
(295, '2020-03-31', 'YAHMAN', NULL, 55, 'L', 'SUMBER WRINGIN 15 / 3', 15, 'INDONESIA', 'BONDOWOSO', '0000-00-00', NULL, 'ODP', 'T', NULL, 'SURABAYA', 'BATUK, PILEK', 'Tidak', '0000-00-00', NULL, NULL, NULL, NULL, 8, 1, '2020-04-13 06:00:00', '2020-04-13 06:00:00', '1'),
(296, '2020-03-31', 'AHMAD DANI', NULL, 18, 'L', 'SUMBER GADING 15 / 2', 15, 'INDONESIA', 'BONDOWOSO', '0000-00-00', NULL, 'ODP', 'T', NULL, 'SITUBONDO', 'BATUK', 'Tidak', '0000-00-00', NULL, NULL, NULL, NULL, 8, 1, '2020-04-13 06:00:00', '2020-04-13 06:00:00', '1'),
(297, '2020-03-27', 'Irfan Sanjaya', NULL, 18, 'L', 'Bercak Asri rt 14', 4, 'INDONESIA', 'BONDOWOSO', '0000-00-00', NULL, 'ODP', 'T', NULL, 'BALI', 'Batuk dan Pilek', 'Tidak', '0000-00-00', NULL, NULL, NULL, NULL, 24, 1, '2020-04-13 06:00:00', '2020-04-13 06:00:00', '1'),
(298, '2020-03-26', 'Ahyani', NULL, 50, 'P', 'Jiret mas Rt 07', 4, 'INDONESIA', 'BONDOWOSO', '0000-00-00', NULL, 'ODP', 'T', NULL, 'Kalimantan', 'Batuk, Nyeri Telan', 'Tidak', '0000-00-00', NULL, NULL, NULL, NULL, 24, 1, '2020-04-13 06:00:00', '2020-04-13 06:00:00', '1'),
(299, '2020-03-30', 'ARIF EFENDI', NULL, 43, 'P', 'BADEAN RT 3 RW 1', 2, 'INDONESIA', 'BONDOWOSO', '0000-00-00', NULL, 'ODP', 'T', NULL, 'MALANG', 'DEMAM', 'Tidak', '0000-00-00', NULL, NULL, NULL, NULL, 12, 1, '2020-04-13 06:00:00', '2020-04-13 06:00:00', '1'),
(300, '2020-03-31', 'LIKE NURMALISA', NULL, 21, 'P', 'NANGKAAN RT 11 RW 3', 2, 'INDONESIA', 'BONDOWOSO', '0000-00-00', NULL, 'ODP', 'T', NULL, 'MALANG', 'DEMAM', 'Tidak', '0000-00-00', NULL, NULL, NULL, NULL, 12, 1, '2020-04-13 06:00:00', '2020-04-13 06:00:00', '1'),
(301, '2020-03-30', 'MOCH. ATAY', NULL, 50, 'L', 'SUKOWIRYO RT 13 RW 3', 2, 'INDONESIA', 'BONDOWOSO', '0000-00-00', NULL, 'ODP', 'T', NULL, 'BALI', 'BATUK, SAKIT TENGGOROKAN', 'Tidak', '0000-00-00', NULL, NULL, NULL, NULL, 12, 1, '2020-04-13 06:00:00', '2020-04-13 06:00:00', '1'),
(302, '2020-03-31', 'M ALFARISI', NULL, 15, 'L', 'SUMBER TENGAH', 1, 'INDONESIA', 'BONDOWOSO', '0000-00-00', NULL, 'ODP', 'T', NULL, 'KEDIRI', 'BATUK,PILEK', 'Tidak', '0000-00-00', NULL, NULL, NULL, NULL, 16, 1, '2020-04-13 06:00:00', '2020-04-13 06:00:00', '1'),
(303, '2020-03-31', 'M LUKMAN', NULL, 23, 'L', 'SUMBER TENGAH', 1, 'INDONESIA', 'BONDOWOSO', '0000-00-00', NULL, 'ODP', 'T', NULL, 'KEDIRI', 'BATUK,PILEK', 'Tidak', '0000-00-00', NULL, NULL, NULL, NULL, 16, 1, '2020-04-13 06:00:00', '2020-04-13 06:00:00', '1'),
(304, '2020-04-01', 'A HUSAINI', NULL, 14, 'L', 'JERUK SOK SOK', 1, 'INDONESIA', 'BONDOWOSO', '0000-00-00', NULL, 'ODP', 'T', NULL, 'JEMBER', 'DEMAM,BATUK,PILEK', 'Tidak', '0000-00-00', NULL, NULL, NULL, NULL, 16, 1, '2020-04-13 06:00:00', '2020-04-13 06:00:00', '1'),
(305, '2020-04-01', 'P AHMAD', NULL, 53, 'L', 'DESA TLOGOSARI RT4', 21, 'INDONESIA', 'BONDOWOSO', '0000-00-00', NULL, 'ODP', 'T', NULL, 'BALI', NULL, 'Tidak', '0000-00-00', NULL, NULL, NULL, NULL, 6, 1, '2020-04-13 06:00:00', '2020-04-13 06:00:00', '1'),
(306, '2020-04-01', 'EDY CANDRA', NULL, 23, 'L', 'DESA JEBUNG KIDUL RT 13', 21, 'INDONESIA', 'BONDOWOSO', '0000-00-00', NULL, 'ODP', 'T', NULL, 'BALI', NULL, 'Tidak', '0000-00-00', NULL, NULL, NULL, NULL, 6, 1, '2020-04-13 06:00:00', '2020-04-13 06:00:00', '1'),
(307, '2020-04-01', 'Musleh', NULL, 25, 'L', 'Lombok kulon rt 8', 22, 'INDONESIA', 'BONDOWOSO', '0000-00-00', NULL, 'ODP', 'T', NULL, 'BALI', 'Demam, batuk, pilek', 'Tidak', '0000-00-00', NULL, NULL, NULL, NULL, 10, 1, '2020-04-13 06:00:00', '2020-04-13 06:00:00', '1'),
(308, '2020-04-01', 'M.Dwi Putra', NULL, 17, 'L', 'Traktakan', 22, 'INDONESIA', 'BONDOWOSO', '0000-00-00', NULL, 'ODP', 'T', NULL, 'SITUBONDO', 'Demam, batuk, pilek', 'Tidak', '0000-00-00', NULL, NULL, NULL, NULL, 10, 1, '2020-04-13 06:00:00', '2020-04-13 06:00:00', '1'),
(309, '2020-04-01', 'M.Aqil Mukhlas', NULL, 18, 'L', 'Bendoarum ', 22, 'INDONESIA', 'BONDOWOSO', '0000-00-00', NULL, 'ODP', 'T', NULL, 'SITUBONDO', 'Demam, batuk, pilek', 'Tidak', '0000-00-00', NULL, NULL, NULL, NULL, 10, 1, '2020-04-13 06:00:00', '2020-04-13 06:00:00', '1'),
(310, '2020-04-01', 'M.Romzi', NULL, 20, 'L', 'Pelalangan', 22, 'INDONESIA', 'BONDOWOSO', '0000-00-00', NULL, 'ODP', 'T', NULL, 'SITUBONDO', 'Demam, batuk, pilek', 'Tidak', '0000-00-00', NULL, NULL, NULL, NULL, 10, 1, '2020-04-13 06:00:00', '2020-04-13 06:00:00', '1'),
(311, '2020-04-01', 'Aldi Zamroni', NULL, 21, 'L', 'Sumber kalong', 22, 'INDONESIA', 'BONDOWOSO', '0000-00-00', NULL, 'ODP', 'T', NULL, 'SITUBONDO', 'Demam, batuk, pilek', 'Tidak', '0000-00-00', NULL, NULL, NULL, NULL, 10, 1, '2020-04-13 06:00:00', '2020-04-13 06:00:00', '1'),
(312, '2020-04-01', 'M.Faqih', NULL, 22, 'L', 'Pelalangan', 22, 'INDONESIA', 'BONDOWOSO', '0000-00-00', NULL, 'ODP', 'T', NULL, 'SITUBONDO', 'Demam, batuk, pilek', 'Tidak', '0000-00-00', NULL, NULL, NULL, NULL, 10, 1, '2020-04-13 06:00:00', '2020-04-13 06:00:00', '1'),
(313, '2020-04-01', 'M.Haris harianto', NULL, 19, 'L', 'Tangsil wetan', 22, 'INDONESIA', 'BONDOWOSO', '0000-00-00', NULL, 'ODP', 'T', NULL, 'SITUBONDO', 'Demam, batuk, pilek', 'Tidak', '0000-00-00', NULL, NULL, NULL, NULL, 10, 1, '2020-04-13 06:00:00', '2020-04-13 06:00:00', '1'),
(314, '2020-04-01', 'M.Danil Abdillah', NULL, 18, 'L', 'Pelalangan', 22, 'INDONESIA', 'BONDOWOSO', '0000-00-00', NULL, 'ODP', 'T', NULL, 'SITUBONDO', 'Demam, batuk, pilek', 'Tidak', '0000-00-00', NULL, NULL, NULL, NULL, 10, 1, '2020-04-13 06:00:00', '2020-04-13 06:00:00', '1'),
(315, '2020-04-01', 'Muzaki', NULL, 20, 'L', 'Pasarejo', 22, 'INDONESIA', 'BONDOWOSO', '0000-00-00', NULL, 'ODP', 'T', NULL, 'SITUBONDO', 'Demam, batuk, pilek', 'Tidak', '0000-00-00', NULL, NULL, NULL, NULL, 10, 1, '2020-04-13 06:00:00', '2020-04-13 06:00:00', '1'),
(316, '2020-04-01', 'Ubaidillah', NULL, 19, 'L', 'Tangsil wetan', 22, 'INDONESIA', 'BONDOWOSO', '0000-00-00', NULL, 'ODP', 'T', NULL, 'SITUBONDO', 'BATUK, PILEK ', 'Tidak', '0000-00-00', NULL, NULL, NULL, NULL, 10, 1, '2020-04-13 06:00:00', '2020-04-13 06:00:00', '1'),
(317, '2020-03-30', 'ABDUL KADIR', NULL, 75, 'L', 'DS Jambesari Rt 7', 7, 'INDONESIA', 'BONDOWOSO', '0000-00-00', NULL, 'ODP', 'T', NULL, 'Madura', 'batuk,pilek', 'Tidak', '0000-00-00', NULL, NULL, NULL, NULL, 4, 1, '2020-04-13 06:00:00', '2020-04-13 06:00:00', '1'),
(318, '2020-03-30', 'Agya Putri', NULL, 7, 'P', 'DS Pengarang Rt 12', 7, 'INDONESIA', 'BONDOWOSO', '0000-00-00', NULL, 'ODP', 'T', NULL, 'SITUBONDO', 'batuk,pilek, Mual, Riwayat Demam', 'Tidak', '0000-00-00', NULL, NULL, NULL, NULL, 4, 1, '2020-04-13 06:00:00', '2020-04-13 06:00:00', '1'),
(319, '2020-03-28', 'Feri Irawan', NULL, 20, 'L', 'Kebun Karang 34', 7, 'INDONESIA', 'BONDOWOSO', '0000-00-00', NULL, 'ODP', 'T', NULL, 'BALI', 'Diare dan demam', 'Tidak', '0000-00-00', NULL, NULL, NULL, NULL, 4, 1, '2020-04-13 06:00:00', '2020-04-13 06:00:00', '1'),
(320, '2020-04-01', 'NURUL QOMRIYAH', NULL, 20, 'P', 'KALIANYAR RT 18', 17, 'INDONESIA', 'BONDOWOSO', '0000-00-00', NULL, 'ODP', 'T', NULL, 'JEMBER', 'BATUK, PILEK', 'Tidak', '0000-00-00', NULL, NULL, NULL, NULL, 3, 1, '2020-04-13 06:00:00', '2020-04-13 06:00:00', '1'),
(321, '2020-04-01', 'ABDUL MUIS', NULL, 16, 'L', 'SUKOSARI RT', 17, 'INDONESIA', 'BONDOWOSO', '0000-00-00', NULL, 'ODP', 'T', NULL, 'JEMBER', 'PANAS, BATUK, PILEK', 'Tidak', '0000-00-00', NULL, NULL, NULL, NULL, 3, 1, '2020-04-13 06:00:00', '2020-04-13 06:00:00', '1'),
(322, '2020-04-01', 'RIANDA', NULL, 17, 'P', ' SUMBER KEMUNING ', 17, 'INDONESIA', 'BONDOWOSO', '0000-00-00', NULL, 'ODP', 'T', NULL, 'SITUBONDO', 'BATUK, PILEK', 'Tidak', '0000-00-00', NULL, NULL, NULL, NULL, 3, 1, '2020-04-13 06:00:00', '2020-04-13 06:00:00', '1'),
(323, '2020-04-01', 'MISNADI ', NULL, 27, 'L', 'WONOSUKO RT 18', 17, 'INDONESIA', 'BONDOWOSO', '0000-00-00', NULL, 'ODP', 'T', NULL, 'BALI', 'BATUK ,PILEK', 'Tidak', '0000-00-00', NULL, NULL, NULL, NULL, 3, 1, '2020-04-13 06:00:00', '2020-04-13 06:00:00', '1'),
(324, '2020-04-01', 'Kenedy Risky', NULL, 16, 'L', 'Suling Kulon rt 14', 4, 'INDONESIA', 'BONDOWOSO', '0000-00-00', NULL, 'ODP', 'T', NULL, 'SITUBONDO', 'Batuk dan Pilek', 'Tidak', '0000-00-00', NULL, NULL, NULL, NULL, 24, 1, '2020-04-13 06:00:00', '2020-04-13 06:00:00', '1'),
(325, '2020-04-01', 'Muhmmad Nasirudin', NULL, 16, 'L', 'Suling Kulon rt 07', 4, 'INDONESIA', 'BONDOWOSO', '0000-00-00', NULL, 'ODP', 'T', NULL, 'SITUBONDO', 'Batuk dan Pilek', 'Tidak', '0000-00-00', NULL, NULL, NULL, NULL, 24, 1, '2020-04-13 06:00:00', '2020-04-13 06:00:00', '1'),
(326, '2020-04-01', 'Muhammad Nur', NULL, 19, 'L', 'Cermee 23 b', 4, 'INDONESIA', 'BONDOWOSO', '0000-00-00', NULL, 'ODP', 'T', NULL, 'SITUBONDO', 'Batuk dan Pilek', 'Tidak', '0000-00-00', NULL, NULL, NULL, NULL, 24, 1, '2020-04-13 06:00:00', '2020-04-13 06:00:00', '1'),
(327, '2020-04-01', 'Amir Hamzah', NULL, 13, 'L', 'Suling Kulon rt 04', 4, 'INDONESIA', 'BONDOWOSO', '0000-00-00', NULL, 'ODP', 'T', NULL, 'SITUBONDO', 'Batuk dan Pilek', 'Tidak', '0000-00-00', NULL, NULL, NULL, NULL, 24, 1, '2020-04-13 06:00:00', '2020-04-13 06:00:00', '1'),
(328, '2020-04-01', 'Abdul Aziz', NULL, 13, 'L', 'Suling Kulon rt 2', 4, 'INDONESIA', 'BONDOWOSO', '0000-00-00', NULL, 'ODP', 'T', NULL, 'SITUBONDO', 'Batuk dan Pilek', 'Tidak', '0000-00-00', NULL, NULL, NULL, NULL, 24, 1, '2020-04-13 06:00:00', '2020-04-13 06:00:00', '1'),
(329, '2020-04-01', 'Chairil Anam', NULL, 13, 'L', 'Ramban Kulon', 4, 'INDONESIA', 'BONDOWOSO', '0000-00-00', NULL, 'ODP', 'T', NULL, 'SITUBONDO', 'Batuk dan Pilek', 'Tidak', '0000-00-00', NULL, NULL, NULL, NULL, 24, 1, '2020-04-13 06:00:00', '2020-04-13 06:00:00', '1'),
(330, '2020-04-01', 'Irsyadul Ibad', NULL, 12, 'L', 'Grujugan rt 02', 4, 'INDONESIA', 'BONDOWOSO', '0000-00-00', NULL, 'ODP', 'T', NULL, 'SITUBONDO', 'Batuk dan Pilek', 'Tidak', '0000-00-00', NULL, NULL, NULL, NULL, 24, 1, '2020-04-13 06:00:00', '2020-04-13 06:00:00', '1'),
(331, '2020-04-01', 'Agil FahrilAzizi', NULL, 13, 'L', 'CERMEE rt 14', 4, 'INDONESIA', 'BONDOWOSO', '0000-00-00', NULL, 'ODP', 'T', NULL, 'SITUBONDO', 'Batuk dan Pilek', 'Tidak', '0000-00-00', NULL, NULL, NULL, NULL, 24, 1, '2020-04-13 06:00:00', '2020-04-13 06:00:00', '1'),
(332, '2020-04-01', 'Mohammad Firdaus', NULL, 13, 'L', 'RAMBAN wetan rt 12', 4, 'INDONESIA', 'BONDOWOSO', '0000-00-00', NULL, 'ODP', 'T', NULL, 'SITUBONDO', 'Batuk dan Pilek', 'Tidak', '0000-00-00', NULL, NULL, NULL, NULL, 24, 1, '2020-04-13 06:00:00', '2020-04-13 06:00:00', '1'),
(333, '2020-04-01', 'Fahris Shodiqin', NULL, 14, 'L', 'BERCAK Rt 03', 4, 'INDONESIA', 'BONDOWOSO', '0000-00-00', NULL, 'ODP', 'T', NULL, 'SITUBONDO', 'Batuk dan Pilek', 'Tidak', '0000-00-00', NULL, NULL, NULL, NULL, 24, 1, '2020-04-13 06:00:00', '2020-04-13 06:00:00', '1'),
(334, '2020-04-01', 'Roni Ferdiansyah', NULL, 14, 'L', 'Bercak Asri 18', 4, 'INDONESIA', 'BONDOWOSO', '0000-00-00', NULL, 'ODP', 'T', NULL, 'SITUBONDO', 'Batuk dan sesak', 'Tidak', '0000-00-00', NULL, NULL, NULL, NULL, 24, 1, '2020-04-13 06:00:00', '2020-04-13 06:00:00', '1'),
(335, '2020-04-02', 'JAMALUDIN', NULL, 17, 'L', 'PAGUAN', 16, 'INDONESIA', 'BONDOWOSO', '0000-00-00', NULL, 'ODP', 'T', NULL, 'SITUBONDO', 'BATUK', 'Tidak', '0000-00-00', NULL, NULL, NULL, NULL, 20, 1, '2020-04-13 06:00:00', '2020-04-13 06:00:00', '1'),
(336, '2020-04-02', 'M.NABIL N.', NULL, 13, 'L', 'SBR.KOKAP', 16, 'INDONESIA', 'BONDOWOSO', '0000-00-00', NULL, 'ODP', 'T', NULL, 'SITUBONDO', 'BATUK', 'Tidak', '0000-00-00', NULL, NULL, NULL, NULL, 20, 1, '2020-04-13 06:00:00', '2020-04-13 06:00:00', '1'),
(337, '2020-04-02', 'QHUSNUS SABIL', NULL, 17, 'L', 'KEMUNINGAN', 16, 'INDONESIA', 'BONDOWOSO', '0000-00-00', NULL, 'ODP', 'T', NULL, 'SITUBONDO', 'BATUK', 'Tidak', '0000-00-00', NULL, NULL, NULL, NULL, 20, 1, '2020-04-13 06:00:00', '2020-04-13 06:00:00', '1'),
(338, '2020-04-02', 'M.FERI KURNIAWAN', NULL, 19, 'L', 'SBR.KOKAP', 16, 'INDONESIA', 'BONDOWOSO', '0000-00-00', NULL, 'ODP', 'T', NULL, 'SITUBONDO', 'BATUK', 'Tidak', '0000-00-00', NULL, NULL, NULL, NULL, 20, 1, '2020-04-13 06:00:00', '2020-04-13 06:00:00', '1'),
(339, '2020-04-01', 'Aswati', NULL, 50, 'P', 'BOTOLINGGO', 3, 'INDONESIA', 'BONDOWOSO', '0000-00-00', NULL, 'ODP', 'T', NULL, 'SITUBONDO', 'Batuk,pilek,Sesak Nafas', 'Tidak', '0000-00-00', NULL, NULL, NULL, NULL, 22, 1, '2020-04-13 06:00:00', '2020-04-13 06:00:00', '1'),
(340, '2020-04-01', 'AHMAD ANSORI', NULL, 23, 'L', 'KUPANG RT 04', 5, 'INDONESIA', 'BONDOWOSO', '0000-00-00', NULL, 'ODP', 'T', NULL, 'KEDIRI', 'BATUK, PILEK', 'Tidak', '0000-00-00', NULL, NULL, NULL, NULL, 15, 1, '2020-04-13 06:00:00', '2020-04-13 06:00:00', '1'),
(341, '2020-04-01', 'ILHAM SODIQ', NULL, 0, 'L', 'SELOLEMBU RT 06/02', 5, 'INDONESIA', 'BONDOWOSO', '0000-00-00', NULL, 'ODP', 'T', NULL, 'SITUBONDO', 'PILEK', 'Tidak', '0000-00-00', NULL, NULL, NULL, NULL, 15, 1, '2020-04-13 06:00:00', '2020-04-13 06:00:00', '1'),
(342, '2020-04-01', 'M. JANUAR RAFI', NULL, 0, 'L', 'CURAHDAMI RT 11/05', 5, 'INDONESIA', 'BONDOWOSO', '0000-00-00', NULL, 'ODP', 'T', NULL, 'SITUBONDO', 'BATUK ,PILEK', 'Tidak', '0000-00-00', NULL, NULL, NULL, NULL, 15, 1, '2020-04-13 06:00:00', '2020-04-13 06:00:00', '1'),
(343, '2020-04-01', 'ZAINURI', NULL, 15, 'L', 'KEJAYAN RT 13', 12, 'INDONESIA', 'BONDOWOSO', '0000-00-00', NULL, 'ODP', 'T', NULL, 'SITUBONDO', 'PILEK', 'Tidak', '0000-00-00', NULL, NULL, NULL, NULL, 5, 1, '2020-04-13 06:00:00', '2020-04-13 06:00:00', '1'),
(344, '2020-04-01', 'RIFKI', NULL, 18, 'L', 'MASKUNING KULON RT 3', 12, 'INDONESIA', 'BONDOWOSO', '0000-00-00', NULL, 'ODP', 'T', NULL, 'SITUBONDO', 'BATUK', 'Tidak', '0000-00-00', NULL, NULL, NULL, NULL, 5, 1, '2020-04-13 06:00:00', '2020-04-13 06:00:00', '1'),
(345, '2020-04-01', 'ADI JUNAIDI', NULL, 16, 'L', 'MANGLI RT 19', 12, 'INDONESIA', 'BONDOWOSO', '0000-00-00', NULL, 'ODP', 'T', NULL, 'SITUBONDO', 'PILEK', 'Tidak', '0000-00-00', NULL, NULL, NULL, NULL, 5, 1, '2020-04-13 06:00:00', '2020-04-13 06:00:00', '1'),
(346, '2020-04-01', 'M.LUTFI', NULL, 20, 'L', 'MASKUNING WETAN RT 6', 12, 'INDONESIA', 'BONDOWOSO', '0000-00-00', NULL, 'ODP', 'T', NULL, 'SITUBONDO', 'PILEK', 'Tidak', '0000-00-00', NULL, NULL, NULL, NULL, 5, 1, '2020-04-13 06:00:00', '2020-04-13 06:00:00', '1'),
(347, '2020-04-01', 'ANAS ', NULL, 13, 'L', 'SUKOKERTO', 12, 'INDONESIA', 'BONDOWOSO', '0000-00-00', NULL, 'ODP', 'T', NULL, 'SITUBONDO', 'PILEK', 'Tidak', '0000-00-00', NULL, NULL, NULL, NULL, 5, 1, '2020-04-13 06:00:00', '2020-04-13 06:00:00', '1'),
(348, '2020-04-01', 'SIKIN ', NULL, 18, 'L', 'KEJAYAN', 12, 'INDONESIA', 'BONDOWOSO', '0000-00-00', NULL, 'ODP', 'T', NULL, 'SITUBONDO', 'BATUK', 'Tidak', '0000-00-00', NULL, NULL, NULL, NULL, 5, 1, '2020-04-13 06:00:00', '2020-04-13 06:00:00', '1'),
(349, '2020-04-01', 'ZELFILUL', NULL, 18, 'L', 'MASKUNING WETAN RT 5', 12, 'INDONESIA', 'BONDOWOSO', '0000-00-00', NULL, 'ODP', 'T', NULL, 'SITUBONDO', 'BATUK', 'Tidak', '0000-00-00', NULL, NULL, NULL, NULL, 5, 1, '2020-04-13 06:00:00', '2020-04-13 06:00:00', '1'),
(350, '2020-04-01', 'HAFIZ', NULL, 18, 'L', 'SUKOWONO', 12, 'INDONESIA', 'BONDOWOSO', '0000-00-00', NULL, 'ODP', 'T', NULL, 'SITUBONDO', 'PANAS', 'Tidak', '0000-00-00', NULL, NULL, NULL, NULL, 5, 1, '2020-04-13 06:00:00', '2020-04-13 06:00:00', '1'),
(351, '2020-04-01', 'M.ULIN NUHA', NULL, 18, 'L', 'MENGOK', 12, 'INDONESIA', 'BONDOWOSO', '0000-00-00', NULL, 'ODP', 'T', NULL, 'SITUBONDO', 'BATUK', 'Tidak', '0000-00-00', NULL, NULL, NULL, NULL, 5, 1, '2020-04-13 06:00:00', '2020-04-13 06:00:00', '1'),
(352, '2020-04-01', 'M. AMYAL', NULL, 18, 'L', 'SUKODONO RT 5', 12, 'INDONESIA', 'BONDOWOSO', '0000-00-00', NULL, 'ODP', 'T', NULL, 'SITUBONDO', 'BATUK', 'Tidak', '0000-00-00', NULL, NULL, NULL, NULL, 5, 1, '2020-04-13 06:00:00', '2020-04-13 06:00:00', '1'),
(353, '2020-04-01', 'M. UBAY', NULL, 19, 'L', 'SUKODONO RT 13', 12, 'INDONESIA', 'BONDOWOSO', '0000-00-00', NULL, 'ODP', 'T', NULL, 'SITUBONDO', 'BATUK, PILEK, PANAS', 'Tidak', '0000-00-00', NULL, NULL, NULL, NULL, 5, 1, '2020-04-13 06:00:00', '2020-04-13 06:00:00', '1'),
(354, '2020-04-01', 'ADIBUN MUTTAQIN', NULL, 16, 'L', 'PADASAN ', 12, 'INDONESIA', 'BONDOWOSO', '0000-00-00', NULL, 'ODP', 'T', NULL, 'SITUBONDO', 'BATUK', 'Tidak', '0000-00-00', NULL, NULL, NULL, NULL, 5, 1, '2020-04-13 06:00:00', '2020-04-13 06:00:00', '1'),
(355, '2020-04-01', 'M.ILHAMHUMAIDI', NULL, 19, 'L', 'MASKUNING WETAN RT 6', 12, 'INDONESIA', 'BONDOWOSO', '0000-00-00', NULL, 'ODP', 'T', NULL, 'SITUBONDO', 'PANAS', 'Tidak', '0000-00-00', NULL, NULL, NULL, NULL, 5, 1, '2020-04-13 06:00:00', '2020-04-13 06:00:00', '1'),
(356, '2020-04-01', 'WISOLUS SHOLIHIN', NULL, 17, 'L', 'RANDU CANGKRING', 12, 'INDONESIA', 'BONDOWOSO', '0000-00-00', NULL, 'ODP', 'T', NULL, 'SITUBONDO', 'BATUK, PANAS', 'Tidak', '0000-00-00', NULL, NULL, NULL, NULL, 5, 1, '2020-04-13 06:00:00', '2020-04-13 06:00:00', '1'),
(357, '2020-04-01', 'ABDURRAHMAN W', NULL, 20, 'L', 'SUKODONO', 12, 'INDONESIA', 'BONDOWOSO', '0000-00-00', NULL, 'ODP', 'T', NULL, 'SITUBONDO', 'PILEK, PANAS', 'Tidak', '0000-00-00', NULL, NULL, NULL, NULL, 5, 1, '2020-04-13 06:00:00', '2020-04-13 06:00:00', '1'),
(358, '2020-04-01', 'M.UDAYLAH KHOLIL', NULL, 19, 'L', 'SUKODONO RT13', 12, 'INDONESIA', 'BONDOWOSO', '0000-00-00', NULL, 'ODP', 'T', NULL, 'SITUBONDO', 'BATUK,PILEK', 'Tidak', '0000-00-00', NULL, NULL, NULL, NULL, 5, 1, '2020-04-13 06:00:00', '2020-04-13 06:00:00', '1'),
(359, '2020-04-01', 'NAHRIL ALFAISOL', NULL, 14, 'L', 'MASKUNING WETAN', 12, 'INDONESIA', 'BONDOWOSO', '0000-00-00', NULL, 'ODP', 'T', NULL, 'SITUBONDO', 'BATUK', 'Tidak', '0000-00-00', NULL, NULL, NULL, NULL, 5, 1, '2020-04-13 06:00:00', '2020-04-13 06:00:00', '1'),
(360, '2020-04-01', 'ARJASA VIGO', NULL, 13, 'L', 'PADASAN', 12, 'INDONESIA', 'BONDOWOSO', '0000-00-00', NULL, 'ODP', 'T', NULL, 'SITUBONDO', 'BATUK', 'Tidak', '0000-00-00', NULL, NULL, NULL, NULL, 5, 1, '2020-04-13 06:00:00', '2020-04-13 06:00:00', '1'),
(361, '2020-04-01', 'M. RAMADHANI', NULL, 17, 'L', 'JATI KOONG MENGOK', 12, 'INDONESIA', 'BONDOWOSO', '0000-00-00', NULL, 'ODP', 'T', NULL, 'SITUBONDO', 'BATUK, PILEK, SESAK', 'Tidak', '0000-00-00', NULL, NULL, NULL, NULL, 5, 1, '2020-04-13 06:00:00', '2020-04-13 06:00:00', '1'),
(362, '2020-04-01', 'AGUS RIFKI ADI', NULL, 14, 'L', 'MASKUNING WETAN RT 13', 12, 'INDONESIA', 'BONDOWOSO', '0000-00-00', NULL, 'ODP', 'T', NULL, 'SITUBONDO', 'PILEK', 'Tidak', '0000-00-00', NULL, NULL, NULL, NULL, 5, 1, '2020-04-13 06:00:00', '2020-04-13 06:00:00', '1'),
(363, '2020-04-01', 'M. DIMAS HERMANTO', NULL, 16, 'L', 'SUKOKERTO', 12, 'INDONESIA', 'BONDOWOSO', '0000-00-00', NULL, 'ODP', 'T', NULL, 'SITUBONDO', 'BATUK, PILEK', 'Tidak', '0000-00-00', NULL, NULL, NULL, NULL, 5, 1, '2020-04-13 06:00:00', '2020-04-13 06:00:00', '1'),
(364, '2020-04-01', 'M. TAUFIQURRAHMAN', NULL, 13, 'L', 'MENGOK RT 1', 12, 'INDONESIA', 'BONDOWOSO', '0000-00-00', NULL, 'ODP', 'T', NULL, 'SITUBONDO', 'BATUK, PILEK', 'Tidak', '0000-00-00', NULL, NULL, NULL, NULL, 5, 1, '2020-04-13 06:00:00', '2020-04-13 06:00:00', '1'),
(365, '2020-04-01', 'ROJIL ADLI', NULL, 12, 'L', 'MASKUNING WETAN RT 3', 12, 'INDONESIA', 'BONDOWOSO', '0000-00-00', NULL, 'ODP', 'T', NULL, 'SITUBONDO', 'BATUK,PANAS', 'Tidak', '0000-00-00', NULL, NULL, NULL, NULL, 5, 1, '2020-04-13 06:00:00', '2020-04-13 06:00:00', '1'),
(366, '2020-04-01', 'M. WAHYU', NULL, 23, 'L', 'RANDU CANGKRING RT 1', 12, 'INDONESIA', 'BONDOWOSO', '0000-00-00', NULL, 'ODP', 'T', NULL, 'SITUBONDO', 'BATUK, PILEK, SESAK', 'Tidak', '0000-00-00', NULL, NULL, NULL, NULL, 5, 1, '2020-04-13 06:00:00', '2020-04-13 06:00:00', '1'),
(367, '2020-04-01', 'ABDUL KADIR', NULL, 22, 'L', 'ALASSUMUR RT 4', 12, 'INDONESIA', 'BONDOWOSO', '0000-00-00', NULL, 'ODP', 'T', NULL, 'SITUBONDO', 'PILEK,PANAS, SESAK', 'Tidak', '0000-00-00', NULL, NULL, NULL, NULL, 5, 1, '2020-04-13 06:00:00', '2020-04-13 06:00:00', '1'),
(368, '2020-04-01', 'M ULIN NUHA', NULL, 18, 'L', 'MENGOK RT 1', 12, 'INDONESIA', 'BONDOWOSO', '0000-00-00', NULL, 'ODP', 'T', NULL, 'SITUBONDO', 'BATUK,PILEK, PANAS, SESAK', 'Tidak', '0000-00-00', NULL, NULL, NULL, NULL, 5, 1, '2020-04-13 06:00:00', '2020-04-13 06:00:00', '1'),
(369, '2020-04-01', 'NURIL', NULL, 13, 'L', 'MASKUNING KULON ', 12, 'INDONESIA', 'BONDOWOSO', '0000-00-00', NULL, 'ODP', 'T', NULL, 'SITUBONDO', 'BATUK', 'Tidak', '0000-00-00', NULL, NULL, NULL, NULL, 5, 1, '2020-04-13 06:00:00', '2020-04-13 06:00:00', '1'),
(370, '2020-04-01', 'RIZAL', NULL, 17, 'L', 'MASKUNING WETAN', 12, 'INDONESIA', 'BONDOWOSO', '0000-00-00', NULL, 'ODP', 'T', NULL, 'SITUBONDO', 'BATUK', 'Tidak', '0000-00-00', NULL, NULL, NULL, NULL, 5, 1, '2020-04-13 06:00:00', '2020-04-13 06:00:00', '1'),
(371, '2020-04-01', 'DONI BAY SAPUTRA', NULL, 17, 'L', 'DESA SULEK', 21, 'INDONESIA', 'BONDOWOSO', '0000-00-00', NULL, 'ODP', 'T', NULL, 'SITUBONDO', NULL, 'Tidak', '0000-00-00', NULL, NULL, NULL, NULL, 6, 1, '2020-04-13 06:00:00', '2020-04-13 06:00:00', '1'),
(372, '2020-04-01', 'MATHORI', NULL, 17, 'L', 'DESA TLOGOSARI', 21, 'INDONESIA', 'BONDOWOSO', '0000-00-00', NULL, 'ODP', 'T', NULL, 'SITUBONDO', NULL, 'Tidak', '0000-00-00', NULL, NULL, NULL, NULL, 6, 1, '2020-04-13 06:00:00', '2020-04-13 06:00:00', '1'),
(373, '2020-04-01', 'SAIFUL RAHMAN', NULL, 17, 'L', 'DESA BRAMBANG', 21, 'INDONESIA', 'BONDOWOSO', '0000-00-00', NULL, 'ODP', 'T', NULL, 'SITUBONDO', NULL, 'Tidak', '0000-00-00', NULL, NULL, NULL, NULL, 6, 1, '2020-04-13 06:00:00', '2020-04-13 06:00:00', '1'),
(374, '2020-04-01', 'AHMAD RIFKI FATHONI', NULL, 16, 'L', 'DESA JEBUNG KIDUL', 21, 'INDONESIA', 'BONDOWOSO', '0000-00-00', NULL, 'ODP', 'T', NULL, 'SITUBONDO', NULL, 'Tidak', '0000-00-00', NULL, NULL, NULL, NULL, 6, 1, '2020-04-13 06:00:00', '2020-04-13 06:00:00', '1'),
(375, '2020-04-01', 'IHZA MAULANA FAQIH', NULL, 17, 'L', 'DESA KEMBANG', 21, 'INDONESIA', 'BONDOWOSO', '0000-00-00', NULL, 'ODP', 'T', NULL, 'SITUBONDO', NULL, 'Tidak', '0000-00-00', NULL, NULL, NULL, NULL, 6, 1, '2020-04-13 06:00:00', '2020-04-13 06:00:00', '1');
INSERT INTO `kumulatif` (`id`, `tgl_awal_pe`, `nama`, `nik`, `usia`, `gender`, `alamat`, `kecamatan_id`, `kebangsaan`, `kab_asal`, `tgl_mulai_sakit`, `gejala`, `kriteria_kasus`, `dirawat_di_rs`, `rs_yg_merawat`, `faktor_resiko`, `diagnosis`, `ambil_spesimen`, `tgl_ambil_spesimen`, `lab_pemeriksa`, `no_rm`, `hasil_pemeriksaan`, `keterangan`, `puskesmas_id`, `user_id`, `created_at`, `updated_at`, `status`) VALUES
(376, '2020-04-01', 'M PUTRA SUCI RAMA', NULL, 16, 'L', 'DESA SULEK ', 21, 'INDONESIA', 'BONDOWOSO', '0000-00-00', NULL, 'ODP', 'T', NULL, 'SITUBONDO', NULL, 'Tidak', '0000-00-00', NULL, NULL, NULL, NULL, 6, 1, '2020-04-13 06:00:00', '2020-04-13 06:00:00', '1'),
(377, '2020-04-01', 'AHMAD FARIKI', NULL, 16, 'L', 'DESA SULEK', 21, 'INDONESIA', 'BONDOWOSO', '0000-00-00', NULL, 'ODP', 'T', NULL, 'SITUBONDO', NULL, 'Tidak', '0000-00-00', NULL, NULL, NULL, NULL, 6, 1, '2020-04-13 06:00:00', '2020-04-13 06:00:00', '1'),
(378, '2020-04-01', 'M AINUL WAKIL', NULL, 15, 'L', 'DESA TLOGOSARI', 21, 'INDONESIA', 'BONDOWOSO', '0000-00-00', NULL, 'ODP', 'T', NULL, 'SITUBONDO', NULL, 'Tidak', '0000-00-00', NULL, NULL, NULL, NULL, 6, 1, '2020-04-13 06:00:00', '2020-04-13 06:00:00', '1'),
(379, '2020-04-01', 'M AQIL ALI', NULL, 17, 'L', 'DESA JEBUNG KIDUL', 21, 'INDONESIA', 'BONDOWOSO', '0000-00-00', NULL, 'ODP', 'T', NULL, 'SITUBONDO', NULL, 'Tidak', '0000-00-00', NULL, NULL, NULL, NULL, 6, 1, '2020-04-13 06:00:00', '2020-04-13 06:00:00', '1'),
(380, '2020-04-01', 'AHMAD HAPIPI', NULL, 16, 'L', 'DESA PATEMON', 21, 'INDONESIA', 'BONDOWOSO', '0000-00-00', NULL, 'ODP', 'T', NULL, 'SITUBONDO', NULL, 'Tidak', '0000-00-00', NULL, NULL, NULL, NULL, 6, 1, '2020-04-13 06:00:00', '2020-04-13 06:00:00', '1'),
(381, '2020-04-01', 'VIVI', NULL, 15, 'P', 'JATIAN TAPEN RT 30', 18, 'INDONESIA', 'BONDOWOSO', '0000-00-00', NULL, 'ODP', 'T', NULL, 'SITUBONDO', 'PILEK, SESAK, BATUK', 'Tidak', '0000-00-00', NULL, NULL, NULL, NULL, 9, 1, '2020-04-13 06:00:00', '2020-04-13 06:00:00', '1'),
(382, '2020-04-01', 'NUR FADILAH', NULL, 15, 'P', 'PANDAK RT 03', 8, 'INDONESIA', 'BONDOWOSO', '0000-00-00', NULL, 'ODP', 'T', NULL, 'SITUBONDO', 'BATUK', 'Tidak', '0000-00-00', NULL, NULL, NULL, NULL, 25, 1, '2020-04-13 06:00:00', '2020-04-13 06:00:00', '1'),
(383, '2020-04-01', 'ULFA AINUR', NULL, 16, 'P', 'SUMBERSUKORT 14', 8, 'INDONESIA', 'BONDOWOSO', '0000-00-00', NULL, 'ODP', 'T', NULL, 'SITUBONDO', 'BATUK', 'Tidak', '0000-00-00', NULL, NULL, NULL, NULL, 25, 1, '2020-04-13 06:00:00', '2020-04-13 06:00:00', '1'),
(384, '2020-04-01', 'EVA YOLANDA', NULL, 15, 'P', 'SUMBERSUKORT 12', 8, 'INDONESIA', 'BONDOWOSO', '0000-00-00', NULL, 'ODP', 'T', NULL, 'SITUBONDO', 'BATUK, PILEK', 'Tidak', '0000-00-00', NULL, NULL, NULL, NULL, 25, 1, '2020-04-13 06:00:00', '2020-04-13 06:00:00', '1'),
(385, '2020-04-01', 'SAFIRA', NULL, 15, 'P', 'PANDAK RT 11', 8, 'INDONESIA', 'BONDOWOSO', '0000-00-00', NULL, 'ODP', 'T', NULL, 'SITUBONDO', 'BATUK', 'Tidak', '0000-00-00', NULL, NULL, NULL, NULL, 25, 1, '2020-04-13 06:00:00', '2020-04-13 06:00:00', '1'),
(386, '2020-04-01', 'SISKA KURNIA', NULL, 16, 'P', 'PANDAK RT 06', 8, 'INDONESIA', 'BONDOWOSO', '0000-00-00', NULL, 'ODP', 'T', NULL, 'SITUBONDO', 'BATUK, PILEK', 'Tidak', '0000-00-00', NULL, NULL, NULL, NULL, 25, 1, '2020-04-13 06:00:00', '2020-04-13 06:00:00', '1'),
(387, '2020-04-01', 'Ilham Nugroho', NULL, 27, 'L', 'Pakuniran Rt 04', 9, 'INDONESIA', 'BONDOWOSO', '0000-00-00', NULL, 'ODP', 'T', NULL, 'TUBAN', NULL, 'Tidak', '0000-00-00', NULL, NULL, NULL, NULL, 1, 1, '2020-04-13 06:00:00', '2020-04-13 06:00:00', '1'),
(388, '2020-04-01', 'SITI NUR AZIZAH', NULL, 16, 'P', 'DADAPAN RT 20', 6, 'INDONESIA', 'BONDOWOSO', '0000-00-00', NULL, 'ODP', 'T', NULL, 'JEMBER', 'BATUK,PILEK,SESAK', 'Tidak', '0000-00-00', NULL, NULL, NULL, NULL, 2, 1, '2020-04-13 06:00:00', '2020-04-13 06:00:00', '1'),
(389, '2020-04-01', 'SARAH', NULL, 50, 'P', 'Jambesari RT 7', 7, 'INDONESIA', 'BONDOWOSO', '0000-00-00', NULL, 'ODP', 'T', NULL, 'BANGIL', 'Demam, Batuk Pilek', 'Tidak', '0000-00-00', NULL, NULL, NULL, NULL, 4, 1, '2020-04-13 06:00:00', '2020-04-13 06:00:00', '1'),
(390, '2020-04-01', 'M. riski rosid', NULL, 15, 'L', 'Ds. Karang malang 23/5, jambesari', 7, 'INDONESIA', 'BONDOWOSO', '0000-00-00', NULL, 'ODP', 'T', NULL, 'SITUBONDO', 'batuk, pilek', 'Tidak', '0000-00-00', NULL, NULL, NULL, NULL, 4, 1, '2020-04-13 06:00:00', '2020-04-13 06:00:00', '1'),
(391, '2020-04-01', 'M.Ali K', NULL, 17, 'L', 'Ds.Sumber jeruk', 7, 'INDONESIA', 'BONDOWOSO', '0000-00-00', NULL, 'ODP', 'T', NULL, 'SITUBONDO', 'batuk, pilek, pusing', 'Tidak', '0000-00-00', NULL, NULL, NULL, NULL, 4, 1, '2020-04-13 06:00:00', '2020-04-13 06:00:00', '1'),
(392, '2020-04-01', 'Ahmad faisal', NULL, 0, 'L', 'Ds. pengarang RT.7', 7, 'INDONESIA', 'BONDOWOSO', '0000-00-00', NULL, 'ODP', 'T', NULL, 'SITUBONDO', 'batuk, pilek', 'Tidak', '0000-00-00', NULL, NULL, NULL, NULL, 4, 1, '2020-04-13 06:00:00', '2020-04-13 06:00:00', '1'),
(393, '2020-04-01', 'M.Hendra', NULL, 0, 'L', 'Dsn.Tengginah,Sumber jeruk', 7, 'INDONESIA', 'BONDOWOSO', '0000-00-00', NULL, 'ODP', 'T', NULL, 'SITUBONDO', 'batuk, pilek, demam', 'Tidak', '0000-00-00', NULL, NULL, NULL, NULL, 4, 1, '2020-04-13 06:00:00', '2020-04-13 06:00:00', '1'),
(394, '2020-04-01', 'Badrus Sholeh', NULL, 0, 'L', 'Ds.Pucanganom', 7, 'INDONESIA', 'BONDOWOSO', '0000-00-00', NULL, 'ODP', 'T', NULL, 'SITUBONDO', 'batuk, pilek', 'Tidak', '0000-00-00', NULL, NULL, NULL, NULL, 4, 1, '2020-04-13 06:00:00', '2020-04-13 06:00:00', '1'),
(395, '2020-04-01', 'M.Abrori', NULL, 0, 'L', 'Ds.Tegal Pasir 8/2', 7, 'INDONESIA', 'BONDOWOSO', '0000-00-00', NULL, 'ODP', 'T', NULL, 'SITUBONDO', 'batuk, pilek', 'Tidak', '0000-00-00', NULL, NULL, NULL, NULL, 4, 1, '2020-04-13 06:00:00', '2020-04-13 06:00:00', '1'),
(396, '2020-04-01', 'Zainur Roziqin', NULL, 0, 'L', 'Ds.Pengarang', 7, 'INDONESIA', 'BONDOWOSO', '0000-00-00', NULL, 'ODP', 'T', NULL, 'SITUBONDO', 'batuk, pilek', 'Tidak', '0000-00-00', NULL, NULL, NULL, NULL, 4, 1, '2020-04-13 06:00:00', '2020-04-13 06:00:00', '1'),
(397, '2020-04-01', 'M.Zairul Haromain', NULL, 0, 'L', 'Ds.Pejagan RT.7', 7, 'INDONESIA', 'BONDOWOSO', '0000-00-00', NULL, 'ODP', 'T', NULL, 'SITUBONDO', 'batuk, pilek,demam', 'Tidak', '0000-00-00', NULL, NULL, NULL, NULL, 4, 1, '2020-04-13 06:00:00', '2020-04-13 06:00:00', '1'),
(398, '2020-04-01', 'M.Sidqi', NULL, 0, 'L', 'Dsn.Karang paras,grujugan lor', 7, 'INDONESIA', 'BONDOWOSO', '0000-00-00', NULL, 'ODP', 'T', NULL, 'SITUBONDO', 'batuk, pilek', 'Tidak', '0000-00-00', NULL, NULL, NULL, NULL, 4, 1, '2020-04-13 06:00:00', '2020-04-13 06:00:00', '1'),
(399, '2020-04-01', 'Ahmad Noval', NULL, 0, 'L', 'Ds.Grujugan lor 2/1', 7, 'INDONESIA', 'BONDOWOSO', '0000-00-00', NULL, 'ODP', 'T', NULL, 'SITUBONDO', 'batuk, pilek', 'Tidak', '0000-00-00', NULL, NULL, NULL, NULL, 4, 1, '2020-04-13 06:00:00', '2020-04-13 06:00:00', '1'),
(400, '2020-04-01', 'Ilmi Nurullah', NULL, 0, 'L', 'Ds. Jambesari 9/2', 7, 'INDONESIA', 'BONDOWOSO', '0000-00-00', NULL, 'ODP', 'T', NULL, 'SITUBONDO', 'demam, batuk, pilek,sesak', 'Tidak', '0000-00-00', NULL, NULL, NULL, NULL, 4, 1, '2020-04-13 06:00:00', '2020-04-13 06:00:00', '1'),
(401, '2020-04-02', 'WINDI ASTUTIK', NULL, 0, 'P', 'WRINGIN 1/12', 23, 'INDONESIA', 'BONDOWOSO', '0000-00-00', NULL, 'ODP', 'T', NULL, 'PROBOLINGGO', 'BATUK', 'Tidak', '0000-00-00', NULL, NULL, NULL, NULL, 18, 1, '2020-04-13 06:00:00', '2020-04-13 06:00:00', '1'),
(402, '2020-04-02', 'JAZILATUL ZULFA', NULL, 0, 'P', 'JATITAMBAN ', 23, 'INDONESIA', 'BONDOWOSO', '0000-00-00', NULL, 'ODP', 'T', NULL, 'PROBOLINGGO', 'PILEK', 'Tidak', '0000-00-00', NULL, NULL, NULL, NULL, 18, 1, '2020-04-13 06:00:00', '2020-04-13 06:00:00', '1'),
(403, '2020-04-02', 'NABILA FIRDAUS', NULL, 0, 'P', 'JATITAMBAN 6/2', 23, 'INDONESIA', 'BONDOWOSO', '0000-00-00', NULL, 'ODP', 'T', NULL, 'PROBOLINGGO', 'BATUK', 'Tidak', '0000-00-00', NULL, NULL, NULL, NULL, 18, 1, '2020-04-13 06:00:00', '2020-04-13 06:00:00', '1'),
(404, '2020-04-02', 'DESKA ISNAINI', NULL, 0, 'P', 'SUMBERCANTING 6/7', 23, 'INDONESIA', 'BONDOWOSO', '0000-00-00', NULL, 'ODP', 'T', NULL, 'PROBOLINGGO', 'BATUK', 'Tidak', '0000-00-00', NULL, NULL, NULL, NULL, 18, 1, '2020-04-13 06:00:00', '2020-04-13 06:00:00', '1'),
(405, '2020-04-02', 'FATAHILLAH ROBER', NULL, 0, 'L', 'WRINGIN 1/15', 23, 'INDONESIA', 'BONDOWOSO', '0000-00-00', NULL, 'ODP', 'T', NULL, 'PROBOLINGGO', 'BATUK', 'Tidak', '0000-00-00', NULL, NULL, NULL, NULL, 18, 1, '2020-04-13 06:00:00', '2020-04-13 06:00:00', '1'),
(406, '2020-04-02', 'ABDUL HALIM', NULL, 0, 'L', 'SUMBER CANTING 11/5', 23, 'INDONESIA', 'BONDOWOSO', '0000-00-00', NULL, 'ODP', 'T', NULL, 'PROBOLINGGO', 'BATUK, PILEK', 'Tidak', '0000-00-00', NULL, NULL, NULL, NULL, 18, 1, '2020-04-13 06:00:00', '2020-04-13 06:00:00', '1'),
(407, '2020-04-02', 'M.FARIZAL ULUM', NULL, 0, 'L', 'WRINGIN 2/15', 23, 'INDONESIA', 'BONDOWOSO', '0000-00-00', NULL, 'ODP', 'T', NULL, 'PROBOLINGGO', 'BATUK', 'Tidak', '0000-00-00', NULL, NULL, NULL, NULL, 18, 1, '2020-04-13 06:00:00', '2020-04-13 06:00:00', '1'),
(408, '2020-04-02', 'KHOIRUZ ZAMAN', NULL, 0, 'L', 'BANYUPUTIH 2/1', 23, 'INDONESIA', 'BONDOWOSO', '0000-00-00', NULL, 'ODP', 'T', NULL, 'PROBOLINGGO', 'BATUK', 'Tidak', '0000-00-00', NULL, NULL, NULL, NULL, 18, 1, '2020-04-13 06:00:00', '2020-04-13 06:00:00', '1'),
(409, '2020-04-02', 'IDAM', NULL, 13, 'L', 'BANYUWULU', 23, 'INDONESIA', 'BONDOWOSO', '0000-00-00', NULL, 'ODP', 'T', NULL, 'SITUBONDO', 'DEMAM, BATUK', 'Tidak', '0000-00-00', NULL, NULL, NULL, NULL, 18, 1, '2020-04-13 06:00:00', '2020-04-13 06:00:00', '1'),
(410, '2020-04-01', 'A. Renaldi', NULL, 0, 'L', 'Sempol', 13, 'INDONESIA', 'BONDOWOSO', '0000-00-00', NULL, 'ODP', 'T', NULL, 'SITUBONDO', 'Batuk, Flu', 'Tidak', '0000-00-00', NULL, NULL, NULL, NULL, 21, 1, '2020-04-13 06:00:00', '2020-04-13 06:00:00', '1'),
(411, '2020-04-01', 'A. Yogianto', NULL, 0, 'L', 'Kampung Baru', 13, 'INDONESIA', 'BONDOWOSO', '0000-00-00', NULL, 'ODP', 'T', NULL, 'SITUBONDO', 'Batuk', 'Tidak', '0000-00-00', NULL, NULL, NULL, NULL, 21, 1, '2020-04-13 06:00:00', '2020-04-13 06:00:00', '1'),
(412, '2020-04-01', 'M. Fikri', NULL, 0, 'L', 'Jampit', 13, 'INDONESIA', 'BONDOWOSO', '0000-00-00', NULL, 'ODP', 'T', NULL, 'SITUBONDO', 'Batuk', 'Tidak', '0000-00-00', NULL, NULL, NULL, NULL, 21, 1, '2020-04-13 06:00:00', '2020-04-13 06:00:00', '1'),
(413, '2020-04-01', 'Ali wafa', NULL, 0, 'L', 'Sempol', 13, 'INDONESIA', 'BONDOWOSO', '0000-00-00', NULL, 'ODP', 'T', NULL, 'SITUBONDO', 'Batuk', 'Tidak', '0000-00-00', NULL, NULL, NULL, NULL, 21, 1, '2020-04-13 06:00:00', '2020-04-13 06:00:00', '1'),
(414, '2020-04-02', 'NURUL HIDAYAH', NULL, 21, 'P', 'BLINDUNGAN RT. 12', 2, 'INDONESIA', 'BONDOWOSO', '0000-00-00', NULL, 'ODP', 'T', NULL, 'YOGYAKARTA', NULL, 'Tidak', '0000-00-00', NULL, NULL, NULL, NULL, 13, 1, '2020-04-13 06:00:00', '2020-04-13 06:00:00', '1'),
(415, '2020-04-02', 'Diah', NULL, 26, 'P', 'Lombok wetan rt 4', 22, 'INDONESIA', 'BONDOWOSO', '0000-00-00', NULL, 'ODP', 'T', NULL, 'BALI', 'BATUK, PILEK ', 'Tidak', '0000-00-00', NULL, NULL, NULL, NULL, 10, 1, '2020-04-13 06:00:00', '2020-04-13 06:00:00', '1'),
(416, '2020-04-02', 'Darna', NULL, 65, 'P', 'Kapuran rt 10', 22, 'INDONESIA', 'BONDOWOSO', '0000-00-00', NULL, 'ODP', 'T', NULL, 'Surabaya', 'Demam, batuk, pilek', 'Tidak', '0000-00-00', NULL, NULL, NULL, NULL, 10, 1, '2020-04-13 06:00:00', '2020-04-13 06:00:00', '1'),
(417, '2020-04-02', 'M.iklill wasni', NULL, 15, 'L', 'Wonosari rt 1', 22, 'INDONESIA', 'BONDOWOSO', '0000-00-00', NULL, 'ODP', 'T', NULL, 'PROBOLINGGO', 'Batuk', 'Tidak', '0000-00-00', NULL, NULL, NULL, NULL, 10, 1, '2020-04-13 06:00:00', '2020-04-13 06:00:00', '1'),
(418, '2020-04-02', 'Ali wafa', NULL, 17, 'L', 'Tumpeng ', 22, 'INDONESIA', 'BONDOWOSO', '0000-00-00', NULL, 'ODP', 'T', NULL, 'Pasuruan', 'Demam', 'Tidak', '0000-00-00', NULL, NULL, NULL, NULL, 10, 1, '2020-04-13 06:00:00', '2020-04-13 06:00:00', '1'),
(419, '2020-04-02', 'M.Bulyusifa', NULL, 18, 'L', 'Sumber kalong', 22, 'INDONESIA', 'BONDOWOSO', '0000-00-00', NULL, 'ODP', 'T', NULL, 'Pasuruan', 'Demam', 'Tidak', '0000-00-00', NULL, NULL, NULL, NULL, 10, 1, '2020-04-13 06:00:00', '2020-04-13 06:00:00', '1'),
(420, '2020-04-02', 'M.Wasil', NULL, 19, 'L', 'Lombok kulon', 22, 'INDONESIA', 'BONDOWOSO', '0000-00-00', NULL, 'ODP', 'T', NULL, 'Pasuruan', 'Demam', 'Tidak', '0000-00-00', NULL, NULL, NULL, NULL, 10, 1, '2020-04-13 06:00:00', '2020-04-13 06:00:00', '1'),
(421, '2020-04-02', 'M.andi', NULL, 20, 'L', 'Lombok kulon', 22, 'INDONESIA', 'BONDOWOSO', '0000-00-00', NULL, 'ODP', 'T', NULL, 'Pasuruan', 'Demam', 'Tidak', '0000-00-00', NULL, NULL, NULL, NULL, 10, 1, '2020-04-13 06:00:00', '2020-04-13 06:00:00', '1'),
(422, '2020-04-01', 'ROHIQI MAHDUM DARWIS', NULL, 14, 'L', 'SUMBER GADING 8 / 1', 15, 'INDONESIA', 'BONDOWOSO', '0000-00-00', NULL, 'ODP', 'T', NULL, 'SITUBONDO', 'BATUK', 'Tidak', '0000-00-00', NULL, NULL, NULL, NULL, 8, 1, '2020-04-13 06:00:00', '2020-04-13 06:00:00', '1'),
(423, '2020-04-01', 'RIKO FAUZAN', NULL, 19, 'L', 'SUKOREJO', 15, 'INDONESIA', 'BONDOWOSO', '0000-00-00', NULL, 'ODP', 'T', NULL, 'SITUBONDO', 'BATUK', 'Tidak', '0000-00-00', NULL, NULL, NULL, NULL, 8, 1, '2020-04-13 06:00:00', '2020-04-13 06:00:00', '1'),
(424, '2020-04-01', 'MOHAMMAD ABDUL WAFI', NULL, 19, 'L', 'SUKOREJO 3 / 1', 15, 'INDONESIA', 'BONDOWOSO', '0000-00-00', NULL, 'ODP', 'T', NULL, 'SITUBONDO', 'BATUK', 'Tidak', '0000-00-00', NULL, NULL, NULL, NULL, 8, 1, '2020-04-13 06:00:00', '2020-04-13 06:00:00', '1'),
(425, '2020-04-01', 'MUHAMMAD ROHIKIM', NULL, 14, 'L', 'SUKOSARI KIDUL 17 / 4', 15, 'INDONESIA', 'BONDOWOSO', '0000-00-00', NULL, 'ODP', 'T', NULL, 'SITUBONDO', 'BATUK', 'Tidak', '0000-00-00', NULL, NULL, NULL, NULL, 8, 1, '2020-04-13 06:00:00', '2020-04-13 06:00:00', '1'),
(426, '2020-04-02', 'Putri Adi Rahmawati', NULL, 16, 'L', 'Sumber Gading 007/001 Sumber Gading\nSumber Wringin', 15, 'INDONESIA', 'BONDOWOSO', '0000-00-00', NULL, 'ODP', 'T', NULL, 'PROBOLINGGO', 'PILEK', 'Tidak', '0000-00-00', NULL, NULL, NULL, NULL, 8, 1, '2020-04-13 06:00:00', '2020-04-13 06:00:00', '1'),
(427, '2020-04-02', 'Sri Wulandari', NULL, 15, 'P', 'Kawah Ijen', 15, 'INDONESIA', 'BONDOWOSO', '0000-00-00', NULL, 'ODP', 'T', NULL, 'PROBOLINGGO', 'FLU', 'Tidak', '0000-00-00', NULL, NULL, NULL, NULL, 8, 1, '2020-04-13 06:00:00', '2020-04-13 06:00:00', '1'),
(428, '2020-04-02', 'Ahmad Haqiq Ulil Albab', NULL, 16, 'L', 'Dsn. Sumber Tengah Utara RT/RW 009/003 Desa Rejoagung', 15, 'INDONESIA', 'BONDOWOSO', '0000-00-00', NULL, 'ODP', 'T', NULL, 'PROBOLINGGO', 'FLU', 'Tidak', '0000-00-00', NULL, NULL, NULL, NULL, 8, 1, '2020-04-13 06:00:00', '2020-04-13 06:00:00', '1'),
(429, '2020-04-02', 'Chairun Nisa\' Maulidiyah Aprilia', NULL, 15, 'P', 'Jalan Raya Kawah Ijen', 15, 'INDONESIA', 'BONDOWOSO', '0000-00-00', NULL, 'ODP', 'T', NULL, 'PROBOLINGGO', 'PILEK', 'Tidak', '0000-00-00', NULL, NULL, NULL, NULL, 8, 1, '2020-04-13 06:00:00', '2020-04-13 06:00:00', '1'),
(430, '2020-04-02', 'Zakiyah Putri Kirana', NULL, 15, 'P', '27/6 Rejoagung', 15, 'INDONESIA', 'BONDOWOSO', '0000-00-00', NULL, 'ODP', 'T', NULL, 'PROBOLINGGO', 'FLU', 'Tidak', '0000-00-00', NULL, NULL, NULL, NULL, 8, 1, '2020-04-13 06:00:00', '2020-04-13 06:00:00', '1'),
(431, '2020-04-02', 'Falisa Dwi Febriana', NULL, 15, 'P', 'Bata Timur Rt/031 Rw/006 Desa Tegaljati', 15, 'INDONESIA', 'BONDOWOSO', '0000-00-00', NULL, 'ODP', 'T', NULL, 'PROBOLINGGO', 'PILEK', 'Tidak', '0000-00-00', NULL, NULL, NULL, NULL, 8, 1, '2020-04-13 06:00:00', '2020-04-13 06:00:00', '1'),
(432, '2020-04-02', 'Icuk Putri Utami', NULL, 0, 'P', 'Kampung Baru ', 13, 'INDONESIA', 'Bondowoso', '0000-00-00', NULL, 'ODP', 'T', NULL, 'SITUBONDO', 'Batuk', 'Tidak', '0000-00-00', NULL, NULL, NULL, NULL, 21, 1, '2020-04-13 06:00:00', '2020-04-13 06:00:00', '1'),
(433, '2020-04-02', 'Rizamatun Nikmah', NULL, 0, 'P', 'kalisat', 13, 'INDONESIA', 'Bondowoso', '0000-00-00', NULL, 'ODP', 'T', NULL, 'SITUBONDO', 'Batuk, pilek', 'Tidak', '0000-00-00', NULL, NULL, NULL, NULL, 21, 1, '2020-04-13 06:00:00', '2020-04-13 06:00:00', '1'),
(434, '2020-04-02', 'Wardatun Hasanah', NULL, 0, 'P', 'Sempol Rt/rw 004/002 Sempol', 13, 'INDONESIA', 'Bondowoso', '0000-00-00', NULL, 'ODP', 'T', NULL, 'SITUBONDO', 'Nyeri Telan', 'Tidak', '0000-00-00', NULL, NULL, NULL, NULL, 21, 1, '2020-04-13 06:00:00', '2020-04-13 06:00:00', '1'),
(435, '2020-04-02', 'Nur Wia Septianingsih', NULL, 0, 'P', 'Kalisat Rt/rw 006/002', 13, 'INDONESIA', 'Bondowoso', '0000-00-00', NULL, 'ODP', 'T', NULL, 'SITUBONDO', 'Pilek 2 hari', 'Tidak', '0000-00-00', NULL, NULL, NULL, NULL, 21, 1, '2020-04-13 06:00:00', '2020-04-13 06:00:00', '1'),
(436, '2020-04-02', 'Enggar Musrifah', NULL, 0, 'P', 'Kampung Lima Rt/rw 006/003 Sumber Rejo', 13, 'INDONESIA', 'Bondowoso', '0000-00-00', NULL, 'ODP', 'T', NULL, 'SITUBONDO', 'Nyeri Telan', 'Tidak', '0000-00-00', NULL, NULL, NULL, NULL, 21, 1, '2020-04-13 06:00:00', '2020-04-13 06:00:00', '1'),
(437, '2020-04-02', 'Hofi Datur Rofia', NULL, 0, 'P', 'Krajan Rt/rw 003/001 Kalisat', 13, 'INDONESIA', 'Bondowoso', '0000-00-00', NULL, 'ODP', 'T', NULL, 'SITUBONDO', 'Batuk', 'Tidak', '0000-00-00', NULL, NULL, NULL, NULL, 21, 1, '2020-04-13 06:00:00', '2020-04-13 06:00:00', '1'),
(438, '2020-04-02', 'Debi Novi P', NULL, 24, 'P', 'Kalisat', 13, 'INDONESIA', 'BONDOWOSO', '0000-00-00', NULL, 'ODP', 'T', NULL, 'semarang', 'Pilek', 'Tidak', '0000-00-00', NULL, NULL, NULL, NULL, 21, 1, '2020-04-13 06:00:00', '2020-04-13 06:00:00', '1'),
(439, '2020-04-02', 'Edi Hermawan', NULL, 0, 'L', 'Kampung Lima Rt 006/rw 003 Sumber Rejo', 13, 'INDONESIA', 'BONDOWOSO', '0000-00-00', NULL, 'ODP', 'T', NULL, 'SITUBONDO', 'Batuk, Pilek', 'Tidak', '0000-00-00', NULL, NULL, NULL, NULL, 21, 1, '2020-04-13 06:00:00', '2020-04-13 06:00:00', '1'),
(440, '2020-04-01', 'Brilian Yogi', NULL, 12, 'L', 'Jampit', 13, 'INDONESIA', 'BONDOWOSO', '0000-00-00', NULL, 'ODP', 'T', NULL, 'SITUBONDO', 'Batuk, Pilek', 'Tidak', '0000-00-00', NULL, NULL, NULL, NULL, 21, 1, '2020-04-13 06:00:00', '2020-04-13 06:00:00', '1'),
(441, '2020-04-02', 'M. AMIN RIDWAN', NULL, 0, 'L', 'PONCOGATI RT 12', 5, 'INDONESIA', 'BONDOWOSO', '0000-00-00', NULL, 'ODP', 'T', NULL, 'PASURUAN', 'PILEK', 'Tidak', '0000-00-00', NULL, NULL, NULL, NULL, 15, 1, '2020-04-13 06:00:00', '2020-04-13 06:00:00', '1'),
(442, '2020-04-02', 'SOHIB AL -HIKAM', NULL, 0, 'L', 'CURAHDAMI RT 08', 5, 'INDONESIA', 'BONDOWOSO', '0000-00-00', NULL, 'ODP', 'T', NULL, 'PASURUAN', 'PILEK', 'Tidak', '0000-00-00', NULL, NULL, NULL, NULL, 15, 1, '2020-04-13 06:00:00', '2020-04-13 06:00:00', '1'),
(443, '2020-04-02', 'M. HENDRIYANTO', NULL, 0, 'L', 'PAKUWESI RT 01', 5, 'INDONESIA', 'BONDOWOSO', '0000-00-00', NULL, 'ODP', 'T', NULL, 'PASURUAN', 'PILEK', 'Tidak', '0000-00-00', NULL, NULL, NULL, NULL, 15, 1, '2020-04-13 06:00:00', '2020-04-13 06:00:00', '1'),
(444, '2020-04-02', 'HILMI UBAIDILLAH', NULL, 0, 'L', 'JETIS RT 11', 5, 'INDONESIA', 'BONDOWOSO', '0000-00-00', NULL, 'ODP', 'T', NULL, 'PASURUAN', 'BATUK, PILEK', 'Tidak', '0000-00-00', NULL, NULL, NULL, NULL, 15, 1, '2020-04-13 06:00:00', '2020-04-13 06:00:00', '1'),
(445, '2020-04-02', 'M. SAIFUL RIZAL', NULL, 0, 'L', 'KUPANG RT 02', 5, 'INDONESIA', 'BONDOWOSO', '0000-00-00', NULL, 'ODP', 'T', NULL, 'PASURUAN', 'PILEK', 'Tidak', '0000-00-00', NULL, NULL, NULL, NULL, 15, 1, '2020-04-13 06:00:00', '2020-04-13 06:00:00', '1'),
(446, '2020-04-02', 'FAIZOL BAHRI', NULL, 0, 'L', 'CURAHDAMI', 5, 'INDONESIA', 'BONDOWOSO', '0000-00-00', NULL, 'ODP', 'T', NULL, 'PASURUAN', 'PILEK', 'Tidak', '0000-00-00', NULL, NULL, NULL, NULL, 15, 1, '2020-04-13 06:00:00', '2020-04-13 06:00:00', '1'),
(447, '2020-04-02', 'M. BACHTIAR . R', NULL, 0, 'L', 'PONCOGATI- LETNAN RANTAM', 5, 'INDONESIA', 'BONDOWOSO', '0000-00-00', NULL, 'ODP', 'T', NULL, 'PASURUAN', 'BATUK', 'Tidak', '0000-00-00', NULL, NULL, NULL, NULL, 15, 1, '2020-04-13 06:00:00', '2020-04-13 06:00:00', '1'),
(448, '2020-04-02', 'FAUZIYAH ULFA', NULL, 0, 'P', 'SLETRENG KUPANG RT 02', 5, 'INDONESIA', 'BONDOWOSO', '0000-00-00', NULL, 'ODP', 'T', NULL, 'PASURUAN', 'PILEK', 'Tidak', '0000-00-00', NULL, NULL, NULL, NULL, 15, 1, '2020-04-13 06:00:00', '2020-04-13 06:00:00', '1'),
(449, '2020-04-02', 'TARMIZINUR', NULL, 0, 'L', 'SELOLEMBU RT 01', 5, 'INDONESIA', 'BONDOWOSO', '0000-00-00', NULL, 'ODP', 'T', NULL, 'PASURUAN', 'PILEK', 'Tidak', '0000-00-00', NULL, NULL, NULL, NULL, 15, 1, '2020-04-13 06:00:00', '2020-04-13 06:00:00', '1'),
(450, '2020-04-02', 'MUH.HASAN NOVAL', NULL, 0, 'L', 'PETUNG RT 05/02', 5, 'INDONESIA', 'BONDOWOSO', '0000-00-00', NULL, 'ODP', 'T', NULL, 'PASURUAN', 'BATUK', 'Tidak', '0000-00-00', NULL, NULL, NULL, NULL, 15, 1, '2020-04-13 06:00:00', '2020-04-13 06:00:00', '1'),
(451, '2020-04-02', 'ADITO NURALI', NULL, 0, 'L', 'PETUNG RT 05', 5, 'INDONESIA', 'BONDOWOSO', '0000-00-00', NULL, 'ODP', 'T', NULL, 'PASURUAN', 'BATUK', 'Tidak', '0000-00-00', NULL, NULL, NULL, NULL, 15, 1, '2020-04-13 06:00:00', '2020-04-13 06:00:00', '1'),
(452, '2020-04-02', 'SITI WADATUL JANAH', NULL, 0, 'P', 'LOCARE RT 07', 5, 'INDONESIA', 'BONDOWOSO', '0000-00-00', NULL, 'ODP', 'T', NULL, 'PASURUAN', 'BATUK,PILEK', 'Tidak', '0000-00-00', NULL, NULL, NULL, NULL, 15, 1, '2020-04-13 06:00:00', '2020-04-13 06:00:00', '1'),
(453, '2020-04-02', 'NURHOLIDAH', NULL, 0, 'P', 'LOCARE', 5, 'INDONESIA', 'BONDOWOSO', '0000-00-00', NULL, 'ODP', 'T', NULL, 'PASURUAN', 'PILEK', 'Tidak', '0000-00-00', NULL, NULL, NULL, NULL, 15, 1, '2020-04-13 06:00:00', '2020-04-13 06:00:00', '1'),
(454, '2020-04-02', 'M. IFAN AFANDI', NULL, 0, 'L', 'SUMBERSALAK', 5, 'INDONESIA', 'BONDOWOSO', '0000-00-00', NULL, 'ODP', 'T', NULL, 'PASURUAN', 'PILEK', 'Tidak', '0000-00-00', NULL, NULL, NULL, NULL, 15, 1, '2020-04-13 06:00:00', '2020-04-13 06:00:00', '1'),
(455, '2020-04-02', 'RAFIKI FALDANI', NULL, 0, 'L', 'JETIS RT02', 5, 'INDONESIA', 'BONDOWOSO', '0000-00-00', NULL, 'ODP', 'T', NULL, 'PASURUAN', 'PILEK', 'Tidak', '0000-00-00', NULL, NULL, NULL, NULL, 15, 1, '2020-04-13 06:00:00', '2020-04-13 06:00:00', '1'),
(456, '2020-04-02', 'NUR IMAMA', NULL, 0, 'P', 'SUMBERSUKO RT 06', 5, 'INDONESIA', 'BONDOWOSO', '0000-00-00', NULL, 'ODP', 'T', NULL, 'PASURUAN', 'PILEK', 'Tidak', '0000-00-00', NULL, NULL, NULL, NULL, 15, 1, '2020-04-13 06:00:00', '2020-04-13 06:00:00', '1'),
(457, '2020-04-01', 'Toto', NULL, 40, 'P', 'Suling wetan rt 01', 4, 'INDONESIA', 'BONDOWOSO', '0000-00-00', NULL, 'ODP', 'T', NULL, 'SITUBONDO', 'Batuk Pilek panas', 'Tidak', '0000-00-00', NULL, NULL, NULL, NULL, 24, 1, '2020-04-13 06:00:00', '2020-04-13 06:00:00', '1'),
(458, '2020-04-01', 'Titi', NULL, 40, 'P', 'suling wetan Alas Ngude', 4, 'INDONESIA', 'BONDOWOSO', '0000-00-00', NULL, 'ODP', 'T', NULL, 'BALI', 'Batuk Pilek panas', 'Tidak', '0000-00-00', NULL, NULL, NULL, NULL, 24, 1, '2020-04-13 06:00:00', '2020-04-13 06:00:00', '1'),
(459, '2020-04-01', 'Ahmad Dul Akso', NULL, 13, 'L', 'Desa Botolinggo', 3, 'INDONESIA', 'BONDOWOSO', '0000-00-00', NULL, 'ODP', 'T', NULL, 'SITUBONDO', 'Batuk + Pilek', 'Tidak', '0000-00-00', NULL, NULL, NULL, NULL, 22, 1, '2020-04-13 06:00:00', '2020-04-13 06:00:00', '1'),
(460, '2020-04-01', 'Zainullah', NULL, 19, 'L', 'Desa Gayam Lor', 3, 'INDONESIA', 'BONDOWOSO', '0000-00-00', NULL, 'ODP', 'T', NULL, 'SITUBONDO', 'Batuk', 'Tidak', '0000-00-00', NULL, NULL, NULL, NULL, 22, 1, '2020-04-13 06:00:00', '2020-04-13 06:00:00', '1'),
(461, '2020-04-01', 'Fitra Fatah', NULL, 14, 'L', 'Desa Botolinggo', 3, 'INDONESIA', 'BONDOWOSO', '0000-00-00', NULL, 'ODP', 'T', NULL, 'SITUBONDO', 'Batuk', 'Tidak', '0000-00-00', NULL, NULL, NULL, NULL, 22, 1, '2020-04-13 06:00:00', '2020-04-13 06:00:00', '1'),
(462, '2020-04-01', 'M.Ali Farhan', NULL, 14, 'L', 'Desa Gayam Lor', 3, 'INDONESIA', 'BONDOWOSO', '0000-00-00', NULL, 'ODP', 'T', NULL, 'SITUBONDO', 'Batuk + Pilek', 'Tidak', '0000-00-00', NULL, NULL, NULL, NULL, 22, 1, '2020-04-13 06:00:00', '2020-04-13 06:00:00', '1'),
(463, '2020-04-01', 'Zainul Rifki', NULL, 19, 'L', 'Desa Lumutan', 3, 'INDONESIA', 'BONDOWOSO', '0000-00-00', NULL, 'ODP', 'T', NULL, 'SITUBONDO', 'Batuk + Pilek', 'Tidak', '0000-00-00', NULL, NULL, NULL, NULL, 22, 1, '2020-04-13 06:00:00', '2020-04-13 06:00:00', '1'),
(464, '2020-04-01', 'Zainur Ridho', NULL, 17, 'L', 'Desa Gayam', 3, 'INDONESIA', 'BONDOWOSO', '0000-00-00', NULL, 'ODP', 'T', NULL, 'SITUBONDO', 'Batuk', 'Tidak', '0000-00-00', NULL, NULL, NULL, NULL, 22, 1, '2020-04-13 06:00:00', '2020-04-13 06:00:00', '1'),
(465, '2020-04-01', 'Kelvin Kurniawan', NULL, 15, 'L', 'Desa Botolinggo', 3, 'INDONESIA', 'BONDOWOSO', '0000-00-00', NULL, 'ODP', 'T', NULL, 'SITUBONDO', 'Batuk + pilek', 'Tidak', '0000-00-00', NULL, NULL, NULL, NULL, 22, 1, '2020-04-13 06:00:00', '2020-04-13 06:00:00', '1'),
(466, '2020-04-01', 'Fitra Aliansyah', NULL, 16, 'L', 'Desa Botolinggo', 3, 'INDONESIA', 'BONDOWOSO', '0000-00-00', NULL, 'ODP', 'T', NULL, 'SITUBONDO', 'batuk', 'Tidak', '0000-00-00', NULL, NULL, NULL, NULL, 22, 1, '2020-04-13 06:00:00', '2020-04-13 06:00:00', '1'),
(467, '2020-04-01', 'M.Firman', NULL, 17, 'L', 'Desa Botolinggo', 3, 'INDONESIA', 'BONDOWOSO', '0000-00-00', NULL, 'ODP', 'T', NULL, 'SITUBONDO', 'Batuk + pilek', 'Tidak', '0000-00-00', NULL, NULL, NULL, NULL, 22, 1, '2020-04-13 06:00:00', '2020-04-13 06:00:00', '1'),
(468, '2020-04-01', 'Noval Alvi', NULL, 15, 'L', 'Desa Gayam Lor', 3, 'INDONESIA', 'BONDOWOSO', '0000-00-00', NULL, 'ODP', 'T', NULL, 'SITUBONDO', 'Batuk', 'Tidak', '0000-00-00', NULL, NULL, NULL, NULL, 22, 1, '2020-04-13 06:00:00', '2020-04-13 06:00:00', '1'),
(469, '2020-04-01', 'Fahroga', NULL, 15, 'L', 'Desa Gayam Lor', 3, 'INDONESIA', 'BONDOWOSO', '0000-00-00', NULL, 'ODP', 'T', NULL, 'SITUBONDO', 'Batuk + Pilek', 'Tidak', '0000-00-00', NULL, NULL, NULL, NULL, 22, 1, '2020-04-13 06:00:00', '2020-04-13 06:00:00', '1'),
(470, '2020-04-01', 'Abd.Kohar Arifin', NULL, 17, 'L', 'Desa Lumutan', 3, 'INDONESIA', 'BONDOWOSO', '0000-00-00', NULL, 'ODP', 'T', NULL, 'SITUBONDO', 'Batuk', 'Tidak', '0000-00-00', NULL, NULL, NULL, NULL, 22, 1, '2020-04-13 06:00:00', '2020-04-13 06:00:00', '1'),
(471, '2020-04-01', 'M.Abd.Jalil', NULL, 16, 'L', 'Desa Lanas', 3, 'INDONESIA', 'BONDOWOSO', '0000-00-00', NULL, 'ODP', 'T', NULL, 'SITUBONDO', 'Batuk + Pilek', 'Tidak', '0000-00-00', NULL, NULL, NULL, NULL, 22, 1, '2020-04-13 06:00:00', '2020-04-13 06:00:00', '1'),
(472, '2020-04-02', 'Anisa Mughfiro', NULL, 15, 'P', 'Desa Lumutan', 3, 'INDONESIA', 'BONDOWOSO', '0000-00-00', NULL, 'ODP', 'T', NULL, 'PROBOLINGGO', 'Batuk', 'Tidak', '0000-00-00', NULL, NULL, NULL, NULL, 22, 1, '2020-04-13 06:00:00', '2020-04-13 06:00:00', '1'),
(473, '2020-04-02', 'Abdul Qadir', NULL, 16, 'L', 'Ds gayam Lor Dsn Dawuhan', 3, 'INDONESIA', 'BONDOWOSO', '0000-00-00', NULL, 'ODP', 'T', NULL, 'PASURUAN', ' Batuk ', 'Tidak', '0000-00-00', NULL, NULL, NULL, NULL, 22, 1, '2020-04-13 06:00:00', '2020-04-13 06:00:00', '1'),
(474, '2020-04-02', 'Khairun Husen', NULL, 18, 'L', 'Desa Botolinggo Dsn Sundang', 3, 'INDONESIA', 'BONDOWOSO', '0000-00-00', NULL, 'ODP', 'T', NULL, 'PASURUAN', ' Batuk Pilek ', 'Tidak', '0000-00-00', NULL, NULL, NULL, NULL, 22, 1, '2020-04-13 06:00:00', '2020-04-13 06:00:00', '1'),
(475, '2020-04-02', 'Roy Hamdani', NULL, 19, 'L', 'Desa Klekean ', 3, 'INDONESIA', 'BONDOWOSO', '0000-00-00', NULL, 'ODP', 'T', NULL, 'PASURUAN', ' Batuk Berdahak Pilek,  ', 'Tidak', '0000-00-00', NULL, NULL, NULL, NULL, 22, 1, '2020-04-13 06:00:00', '2020-04-13 06:00:00', '1'),
(476, '2020-04-02', 'Holilul Rahman', NULL, 17, 'L', 'Desa Gayam Lor', 3, 'INDONESIA', 'BONDOWOSO', '0000-00-00', NULL, 'ODP', 'T', NULL, 'PASURUAN', ' Batuk Pilek', 'Tidak', '0000-00-00', NULL, NULL, NULL, NULL, 22, 1, '2020-04-13 06:00:00', '2020-04-13 06:00:00', '1'),
(477, '2020-04-02', 'Anwarul Ulum', NULL, 15, 'L', 'Desa Gayam Kidul', 3, 'INDONESIA', 'BONDOWOSO', '0000-00-00', NULL, 'ODP', 'T', NULL, 'PASURUAN', 'Pilek', 'Tidak', '0000-00-00', NULL, NULL, NULL, NULL, 22, 1, '2020-04-13 06:00:00', '2020-04-13 06:00:00', '1'),
(478, '2020-04-02', 'Nawati', NULL, 61, 'P', 'Desa Lumutan', 3, 'INDONESIA', 'BONDOWOSO', '0000-00-00', NULL, 'ODP', 'T', NULL, 'SURABAYA', 'Demam,batuk,pilek', 'Tidak', '0000-00-00', NULL, NULL, NULL, NULL, 22, 1, '2020-04-13 06:00:00', '2020-04-13 06:00:00', '1'),
(479, '2020-04-02', 'Masin', NULL, 63, 'L', 'Desa Lumutan', 3, 'INDONESIA', 'BONDOWOSO', '0000-00-00', NULL, 'ODP', 'T', NULL, 'SURABAYA', 'Baruk', 'Tidak', '0000-00-00', NULL, NULL, NULL, NULL, 22, 1, '2020-04-13 06:00:00', '2020-04-13 06:00:00', '1'),
(480, '2020-04-03', 'SUYITNO', NULL, 44, 'L', 'TENGARANG RT.26 ', 20, 'INDONESIA', 'BONDOWOSO', '0000-00-00', NULL, 'ODP', 'T', NULL, 'KALIMANTAN', 'PANAS BATUK,PILEK', 'Tidak', '0000-00-00', NULL, NULL, NULL, NULL, 11, 1, '2020-04-13 06:00:00', '2020-04-13 06:00:00', '1'),
(481, '2020-04-03', 'ISWADHARIFAH', NULL, 15, 'P', 'BATAAN RT.5 RW.2', 20, 'INDONESIA', 'BONDOWOSO', '0000-00-00', NULL, 'ODP', 'T', NULL, 'PROBOLINGGO', 'PANAS BATUK,PILEK,NYERI TELAN', 'Tidak', '0000-00-00', NULL, NULL, NULL, NULL, 11, 1, '2020-04-13 06:00:00', '2020-04-13 06:00:00', '1'),
(482, '2020-04-02', 'FIRMAN F', NULL, 14, 'L', 'LEPRAK RT 11', 8, 'INDONESIA', 'BONDOWOSO', '0000-00-00', NULL, 'ODP', 'T', NULL, 'SITUBONDO', 'BATUK, PILEK 1 MINGGU YANG LALU', 'Tidak', '0000-00-00', NULL, NULL, NULL, NULL, 25, 1, '2020-04-13 06:00:00', '2020-04-13 06:00:00', '1'),
(483, '2020-04-02', 'RANGGA', NULL, 15, 'L', 'BESUK', 8, 'INDONESIA', 'BONDOWOSO', '0000-00-00', NULL, 'ODP', 'T', NULL, 'SITUBONDO', 'PANAS TGL 28', 'Tidak', '0000-00-00', NULL, NULL, NULL, NULL, 25, 1, '2020-04-13 06:00:00', '2020-04-13 06:00:00', '1'),
(484, '2020-04-02', 'KARTINI', NULL, 30, 'P', 'KLABANG RT 5 RW 02', 19, 'INDONESIA', 'BONDOWOSO', '0000-00-00', NULL, 'ODP', 'T', NULL, 'BALI', 'RIWAYAT DEMAM, BATUK', 'Tidak', '0000-00-00', NULL, NULL, NULL, NULL, 19, 1, '2020-04-13 06:00:00', '2020-04-13 06:00:00', '1'),
(485, '2020-04-02', 'RITA AGUSTIN', NULL, 28, 'P', 'PURNAMA RT 8 RW 4', 19, 'INDONESIA', 'BONDOWOSO', '0000-00-00', NULL, 'ODP', 'T', NULL, 'SITUBONDO', 'RIWAYAT SESAK,BATUK', 'Tidak', '0000-00-00', NULL, NULL, NULL, NULL, 19, 1, '2020-04-13 06:00:00', '2020-04-13 06:00:00', '1'),
(486, '2020-04-03', 'IMAM JUWARTO', NULL, 44, 'L', 'KARANGANYAR RT 14', 19, 'INDONESIA', 'BONDOWOSO', '0000-00-00', NULL, 'ODP', 'T', NULL, 'MAKASAR', 'BATUK', 'Tidak', '0000-00-00', NULL, NULL, NULL, NULL, 19, 1, '2020-04-13 06:00:00', '2020-04-13 06:00:00', '1'),
(487, '2020-04-03', 'B.TILA/ETTE', NULL, 48, 'P', 'KLABANG RT 5 RW 02', 19, 'INDONESIA', 'BONDOWOSO', '0000-00-00', NULL, 'ODP', 'T', NULL, 'SITUBONDO', 'DEMAM, RIWAYAT NYERI TENGGOROKAN', 'Tidak', '0000-00-00', NULL, NULL, NULL, NULL, 19, 1, '2020-04-13 06:00:00', '2020-04-13 06:00:00', '1'),
(488, '2020-04-03', 'SILKI', NULL, 16, 'P', 'PAGUAN', 16, 'INDONESIA', 'BONDOWOSO', '0000-00-00', NULL, 'ODP', 'T', NULL, 'PROBOLINGGO', 'BATUK, SESAK', 'Tidak', '0000-00-00', NULL, NULL, NULL, NULL, 20, 1, '2020-04-13 06:00:00', '2020-04-13 06:00:00', '1'),
(489, '2020-03-02', 'NURMALA CANDIKA', NULL, 33, 'P', 'DS. KEMBANG', 2, 'INDONESIA', 'BONDOWOSO', '0000-00-00', NULL, 'ODP', 'T', NULL, 'KONTAK ERAT MM', 'BATUK, SESAK', 'Tidak', '0000-00-00', NULL, NULL, NULL, NULL, 12, 1, '2020-04-13 06:00:00', '2020-04-13 06:00:00', '1'),
(490, '2020-04-02', 'Nabila Caitra Fatika P', NULL, 17, 'P', 'Bandilan RT 2 Rw 2', 11, 'INDONESIA', 'BONDOWOSO', '0000-00-00', NULL, 'ODP', 'T', NULL, 'PROBOLINGGO', 'Pilek', 'Tidak', '0000-00-00', NULL, NULL, NULL, NULL, 23, 1, '2020-04-13 06:00:00', '2020-04-13 06:00:00', '1'),
(491, '2020-04-02', 'Mashuri', NULL, 20, 'L', 'Sempol Rt ', 11, 'INDONESIA', 'BONDOWOSO', '0000-00-00', NULL, 'ODP', 'T', NULL, 'PROBOLINGGO', 'Batuk', 'Tidak', '0000-00-00', NULL, NULL, NULL, NULL, 23, 1, '2020-04-13 06:00:00', '2020-04-13 06:00:00', '1'),
(492, '2020-04-03', 'Nur Hasanah', NULL, 41, 'P', 'Prakid Rt 02 / Rw 01', 11, 'INDONESIA', 'BONDOWOSO', '0000-00-00', NULL, 'ODP', 'T', NULL, 'SITUBONDO', 'Panas', 'Tidak', '0000-00-00', NULL, NULL, NULL, NULL, 23, 1, '2020-04-13 06:00:00', '2020-04-13 06:00:00', '1'),
(493, '2020-04-03', 'Suni ', NULL, 67, 'P', 'Prajekan Kidul Rt 1 Rw 6', 11, 'INDONESIA', 'BONDOWOSO', '0000-00-00', NULL, 'ODP', 'T', NULL, 'YOGYAKARTA', 'Batuk, Demam', 'Tidak', '0000-00-00', NULL, NULL, NULL, NULL, 23, 1, '2020-04-13 06:00:00', '2020-04-13 06:00:00', '1'),
(494, '2020-04-03', 'Barika Hasmia', NULL, 20, 'P', 'Walidono Rt 2 Rw 1', 11, 'INDONESIA', 'BONDOWOSO', '0000-00-00', NULL, 'ODP', 'T', NULL, 'SITUBONDO', 'Pilek', 'Tidak', '0000-00-00', NULL, NULL, NULL, NULL, 23, 1, '2020-04-13 06:00:00', '2020-04-13 06:00:00', '1'),
(495, '2020-04-03', 'Dinda Silvani', NULL, 18, 'P', 'Walidono Rt 4 Rw 2', 11, 'INDONESIA', 'BONDOWOSO', '0000-00-00', NULL, 'ODP', 'T', NULL, 'SITUBONDO', 'Batuk', 'Tidak', '0000-00-00', NULL, NULL, NULL, NULL, 23, 1, '2020-04-13 06:00:00', '2020-04-13 06:00:00', '1'),
(496, '2020-04-03', 'Izmiatul m', NULL, 17, 'P', 'Walidono Rt 11 Rw 3', 11, 'INDONESIA', 'BONDOWOSO', '0000-00-00', NULL, 'ODP', 'T', NULL, 'SITUBONDO', 'Batuk', 'Tidak', '0000-00-00', NULL, NULL, NULL, NULL, 23, 1, '2020-04-13 06:00:00', '2020-04-13 06:00:00', '1'),
(497, '2020-04-02', 'Faidur Rohman', NULL, 16, 'L', 'Prajekan Kidul Rt 5 Rw 12', 11, 'INDONESIA', 'BONDOWOSO', '0000-00-00', NULL, 'ODP', 'T', NULL, 'SITUBONDO', 'Batuk', 'Tidak', '0000-00-00', NULL, NULL, NULL, NULL, 23, 1, '2020-04-13 06:00:00', '2020-04-13 06:00:00', '1'),
(498, '2020-04-03', 'Ahmad zaqi Romadhoni', NULL, 14, 'L', 'Walidono Rt 3 Rw 1', 11, 'INDONESIA', 'BONDOWOSO', '0000-00-00', NULL, 'ODP', 'T', NULL, 'SITUBONDO', 'Batuk', 'Tidak', '0000-00-00', NULL, NULL, NULL, NULL, 23, 1, '2020-04-13 06:00:00', '2020-04-13 06:00:00', '1'),
(499, '2020-04-03', 'Jefri Hidayat', NULL, 40, 'L', 'Walidono Rt 5 Rw 2', 11, 'INDONESIA', 'BONDOWOSO', '0000-00-00', NULL, 'ODP', 'T', NULL, 'BALI', 'Batuk', 'Tidak', '0000-00-00', NULL, NULL, NULL, NULL, 23, 1, '2020-04-13 06:00:00', '2020-04-13 06:00:00', '1'),
(500, '2020-04-03', 'Atifal Robbifaya', NULL, 13, 'P', 'Walidono Rt 4 Rw 2', 11, 'INDONESIA', 'BONDOWOSO', '0000-00-00', NULL, 'ODP', 'T', NULL, 'SITUBONDO', 'Demam, Pilek', 'Tidak', '0000-00-00', NULL, NULL, NULL, NULL, 23, 1, '2020-04-13 06:00:00', '2020-04-13 06:00:00', '1'),
(501, '2020-04-03', 'Aidil', NULL, 4, 'L', 'Prajekan Lor Rt 3 Rw 4', 11, 'INDONESIA', 'BONDOWOSO', '0000-00-00', NULL, 'ODP', 'T', NULL, 'BALI', 'Demam, Batuk', 'Tidak', '0000-00-00', NULL, NULL, NULL, NULL, 23, 1, '2020-04-13 06:00:00', '2020-04-13 06:00:00', '1'),
(502, '2020-04-03', 'Abdul azis', NULL, 45, 'L', 'Bandilan RT 30 Rw 14', 11, 'INDONESIA', 'BONDOWOSO', '0000-00-00', NULL, 'ODP', 'T', NULL, 'SITUBONDO', 'Batuk, Pilek', 'Tidak', '0000-00-00', NULL, NULL, NULL, NULL, 23, 1, '2020-04-13 06:00:00', '2020-04-13 06:00:00', '1'),
(503, '2020-04-03', 'Aqil', NULL, 15, 'L', 'Bandilan RT 30 Rw 14', 11, 'INDONESIA', 'BONDOWOSO', '0000-00-00', NULL, 'ODP', 'T', NULL, 'SITUBONDO', 'Batuk Pilek', 'Tidak', '0000-00-00', NULL, NULL, NULL, NULL, 23, 1, '2020-04-13 06:00:00', '2020-04-13 06:00:00', '1'),
(504, '2020-04-03', 'Halimatus sakdiyah', NULL, 18, 'P', 'Pasarejo', 22, 'INDONESIA', 'BONDOWOSO', '0000-00-00', NULL, 'ODP', 'T', NULL, 'PROBOLINGGO', 'Demam', 'Tidak', '0000-00-00', NULL, NULL, NULL, NULL, 10, 1, '2020-04-13 06:00:00', '2020-04-13 06:00:00', '1'),
(505, '2020-04-03', 'Wulandari', NULL, 19, 'P', 'Bendoarum ', 22, 'INDONESIA', 'BONDOWOSO', '0000-00-00', NULL, 'ODP', 'T', NULL, 'PROBOLINGGO', 'Demam', 'Tidak', '0000-00-00', NULL, NULL, NULL, NULL, 10, 1, '2020-04-13 06:00:00', '2020-04-13 06:00:00', '1'),
(506, '2020-04-03', 'M.Ichwan aulia', NULL, 20, 'L', 'Pasarejo', 22, 'INDONESIA', 'BONDOWOSO', '0000-00-00', NULL, 'ODP', 'T', NULL, 'Pasuruan', 'Pilek', 'Tidak', '0000-00-00', NULL, NULL, NULL, NULL, 10, 1, '2020-04-13 06:00:00', '2020-04-13 06:00:00', '1'),
(507, '2020-04-03', 'M.Yazid nur fais', NULL, 21, 'L', 'Pasarejo', 22, 'INDONESIA', 'BONDOWOSO', '0000-00-00', NULL, 'ODP', 'T', NULL, 'Pasuruan', 'Pilek', 'Tidak', '0000-00-00', NULL, NULL, NULL, NULL, 10, 1, '2020-04-13 06:00:00', '2020-04-13 06:00:00', '1'),
(508, '2020-04-03', 'M.Sufyan', NULL, 18, 'L', 'Lombok kulon', 22, 'INDONESIA', 'BONDOWOSO', '0000-00-00', NULL, 'ODP', 'T', NULL, 'Pasuruan', 'batuk berdahak', 'Tidak', '0000-00-00', NULL, NULL, NULL, NULL, 10, 1, '2020-04-13 06:00:00', '2020-04-13 06:00:00', '1'),
(509, '2020-04-03', 'Taufikurrahman', NULL, 19, 'L', 'Tumpeng ', 22, 'INDONESIA', 'BONDOWOSO', '0000-00-00', NULL, 'ODP', 'T', NULL, 'Pasuruan', 'Pilek', 'Tidak', '0000-00-00', NULL, NULL, NULL, NULL, 10, 1, '2020-04-13 06:00:00', '2020-04-13 06:00:00', '1'),
(510, '2020-04-03', 'NUR ALIM', NULL, 0, 'L', 'PECALONGAN RT 1', 14, 'INDONESIA', 'BONDOWOSO', '0000-00-00', NULL, 'ODP', 'T', NULL, 'PROBOLINGGO', 'BATUK', 'Tidak', '0000-00-00', NULL, NULL, NULL, NULL, 7, 1, '2020-04-13 06:00:00', '2020-04-13 06:00:00', '1'),
(511, '2020-04-03', 'TAUFIKURRAHMAN', NULL, 46, 'L', 'SUKOSARI RT 34', 14, 'INDONESIA', 'BONDOWOSO', '0000-00-00', NULL, 'ODP', 'T', NULL, 'SULAWESI', 'DEMAM', 'Tidak', '0000-00-00', NULL, NULL, NULL, NULL, 7, 1, '2020-04-13 06:00:00', '2020-04-13 06:00:00', '1'),
(512, '2020-04-02', 'SITI NUR AFIYAH', NULL, 15, 'P', 'PATEMON', 21, 'INDONESIA', 'BONDOWOSO', '0000-00-00', NULL, 'ODP', 'T', NULL, 'PROBOLINGGO', 'BATUK', 'Tidak', '0000-00-00', NULL, NULL, NULL, NULL, 6, 1, '2020-04-13 06:00:00', '2020-04-13 06:00:00', '1'),
(513, '2020-04-02', 'MAHMIYATUS', NULL, 17, 'P', 'JEBUNG KIDUL', 21, 'INDONESIA', 'BONDOWOSO', '0000-00-00', NULL, 'ODP', 'T', NULL, 'PROBOLINGGO', 'BATUK', 'Tidak', '0000-00-00', NULL, NULL, NULL, NULL, 6, 1, '2020-04-13 06:00:00', '2020-04-13 06:00:00', '1'),
(514, '2020-04-02', 'NUR HUMAIROH', NULL, 16, 'P', 'TLOGOSARI', 21, 'INDONESIA', 'BONDOWOSO', '0000-00-00', NULL, 'ODP', 'T', NULL, 'PROBOLINGGO', 'BATUK', 'Tidak', '0000-00-00', NULL, NULL, NULL, NULL, 6, 1, '2020-04-13 06:00:00', '2020-04-13 06:00:00', '1'),
(515, '2020-04-02', 'ZAKIA AZALIA', NULL, 15, 'P', 'JEBUNG KIDUL', 21, 'INDONESIA', 'BONDOWOSO', '0000-00-00', NULL, 'ODP', 'T', NULL, 'PROBOLINGGO', 'BATUK', 'Tidak', '0000-00-00', NULL, NULL, NULL, NULL, 6, 1, '2020-04-13 06:00:00', '2020-04-13 06:00:00', '1'),
(516, '2020-04-02', 'M ADIBILLAH', NULL, 16, 'L', 'TLOGOSARI', 21, 'INDONESIA', 'BONDOWOSO', '0000-00-00', NULL, 'ODP', 'T', NULL, 'PROBOLINGGO', 'BATUK', 'Tidak', '0000-00-00', NULL, NULL, NULL, NULL, 6, 1, '2020-04-13 06:00:00', '2020-04-13 06:00:00', '1'),
(517, '2020-04-02', 'ZAHROTUL FITRIYA', NULL, 15, 'P', 'TLOGOSARI', 21, 'INDONESIA', 'BONDOWOSO', '0000-00-00', NULL, 'ODP', 'T', NULL, 'PROBOLINGGO', 'BATUK', 'Tidak', '0000-00-00', NULL, NULL, NULL, NULL, 6, 1, '2020-04-13 06:00:00', '2020-04-13 06:00:00', '1'),
(518, '2020-04-02', 'MUDRIKAH', NULL, 16, 'P', 'JEBUNG KIDUL', 21, 'INDONESIA', 'BONDOWOSO', '0000-00-00', NULL, 'ODP', 'T', NULL, 'PROBOLINGGO', 'PILEK', 'Tidak', '0000-00-00', NULL, NULL, NULL, NULL, 6, 1, '2020-04-13 06:00:00', '2020-04-13 06:00:00', '1'),
(519, '2020-04-02', 'FARABIA ABDILLAH', NULL, 15, 'P', 'PATEMON', 21, 'INDONESIA', 'BONDOWOSO', '0000-00-00', NULL, 'ODP', 'T', NULL, 'PROBOLINGGO', 'BATUK', 'Tidak', '0000-00-00', NULL, NULL, NULL, NULL, 6, 1, '2020-04-13 06:00:00', '2020-04-13 06:00:00', '1'),
(520, '2020-04-02', 'RISKA KAMELIA', NULL, 16, 'P', 'JEBUNG LOR', 21, 'INDONESIA', 'BONDOWOSO', '0000-00-00', NULL, 'ODP', 'T', NULL, 'PROBOLINGGO', 'PILEK', 'Tidak', '0000-00-00', NULL, NULL, NULL, NULL, 6, 1, '2020-04-13 06:00:00', '2020-04-13 06:00:00', '1'),
(521, '2020-04-02', 'MAROATUS SOLIHA', NULL, 17, 'P', 'JEBUNG KIDUL', 21, 'INDONESIA', 'BONDOWOSO', '0000-00-00', NULL, 'ODP', 'T', NULL, 'PROBOLINGGO', 'PILEK', 'Tidak', '0000-00-00', NULL, NULL, NULL, NULL, 6, 1, '2020-04-13 06:00:00', '2020-04-13 06:00:00', '1'),
(522, '2020-04-02', 'M HABIBULLOH', NULL, 16, 'L', 'TLOGOSARI', 21, 'INDONESIA', 'BONDOWOSO', '0000-00-00', NULL, 'ODP', 'T', NULL, 'PASURUAN', 'BATUK', 'Tidak', '0000-00-00', NULL, NULL, NULL, NULL, 6, 1, '2020-04-13 06:00:00', '2020-04-13 06:00:00', '1'),
(523, '2020-04-02', 'IBNU MUBAROK', NULL, 15, 'L', 'JEBUNG KIDUL', 21, 'INDONESIA', 'BONDOWOSO', '0000-00-00', NULL, 'ODP', 'T', NULL, 'PASURUAN', 'BATUK', 'Tidak', '0000-00-00', NULL, NULL, NULL, NULL, 6, 1, '2020-04-13 06:00:00', '2020-04-13 06:00:00', '1'),
(524, '2020-04-02', 'ASAAD HADI', NULL, 16, 'L', 'SULEK', 21, 'INDONESIA', 'BONDOWOSO', '0000-00-00', NULL, 'ODP', 'T', NULL, 'PASURUAN', 'PILEK', 'Tidak', '0000-00-00', NULL, NULL, NULL, NULL, 6, 1, '2020-04-13 06:00:00', '2020-04-13 06:00:00', '1'),
(525, '2020-04-02', 'AHMAD DANIEL SETIAWAN', NULL, 17, 'L', 'JEBUNG KIDUL', 21, 'INDONESIA', 'BONDOWOSO', '0000-00-00', NULL, 'ODP', 'T', NULL, 'PASURUAN', 'BATUK', 'Tidak', '0000-00-00', NULL, NULL, NULL, NULL, 6, 1, '2020-04-13 06:00:00', '2020-04-13 06:00:00', '1'),
(526, '2020-04-02', 'M HUSAIN UBAIDILLAH', NULL, 15, 'L', 'JEBUNG KIDUL', 21, 'INDONESIA', 'BONDOWOSO', '0000-00-00', NULL, 'ODP', 'T', NULL, 'PASURUAN', 'BATUK', 'Tidak', '0000-00-00', NULL, NULL, NULL, NULL, 6, 1, '2020-04-13 06:00:00', '2020-04-13 06:00:00', '1'),
(527, '2020-04-02', 'M QUDSI', NULL, 18, 'L', 'GUNOSARI', 21, 'INDONESIA', 'BONDOWOSO', '0000-00-00', NULL, 'ODP', 'T', NULL, 'PASURUAN', 'PILEK', 'Tidak', '0000-00-00', NULL, NULL, NULL, NULL, 6, 1, '2020-04-13 06:00:00', '2020-04-13 06:00:00', '1'),
(528, '2020-04-02', 'M HOLIS ASARI', NULL, 17, 'L', 'TLOGOSARI', 21, 'INDONESIA', 'BONDOWOSO', '0000-00-00', NULL, 'ODP', 'T', NULL, 'PASURUAN', 'BATUK', 'Tidak', '0000-00-00', NULL, NULL, NULL, NULL, 6, 1, '2020-04-13 06:00:00', '2020-04-13 06:00:00', '1'),
(529, '2020-04-02', 'M HASAN FIKRI', NULL, 19, 'L', 'TLOGOSARI', 21, 'INDONESIA', 'BONDOWOSO', '0000-00-00', NULL, 'ODP', 'T', NULL, 'PASURUAN', 'BATUK', 'Tidak', '0000-00-00', NULL, NULL, NULL, NULL, 6, 1, '2020-04-13 06:00:00', '2020-04-13 06:00:00', '1'),
(530, '2020-04-02', 'ZUBAIRI', NULL, 20, 'L', 'TLOGOSARI', 21, 'INDONESIA', 'BONDOWOSO', '0000-00-00', NULL, 'ODP', 'T', NULL, 'PASURUAN', 'PILEK', 'Tidak', '0000-00-00', NULL, NULL, NULL, NULL, 6, 1, '2020-04-13 06:00:00', '2020-04-13 06:00:00', '1'),
(531, '2020-04-02', 'LUKMAN', NULL, 16, 'L', 'KEMBANG', 21, 'INDONESIA', 'BONDOWOSO', '0000-00-00', NULL, 'ODP', 'T', NULL, 'PASURUAN', 'PILEK', 'Tidak', '0000-00-00', NULL, NULL, NULL, NULL, 6, 1, '2020-04-13 06:00:00', '2020-04-13 06:00:00', '1'),
(532, '2020-04-02', 'HAIKAL', NULL, 18, 'L', 'PAKISAN', 21, 'INDONESIA', 'BONDOWOSO', '0000-00-00', NULL, 'ODP', 'T', NULL, 'PASURUAN', 'PILEK', 'Tidak', '0000-00-00', NULL, NULL, NULL, NULL, 6, 1, '2020-04-13 06:00:00', '2020-04-13 06:00:00', '1'),
(533, '2020-04-02', 'AHAMD DANIEL', NULL, 17, 'L', 'JEBUNG KIDUL', 21, 'INDONESIA', 'BONDOWOSO', '0000-00-00', NULL, 'ODP', 'T', NULL, 'PASURUAN', 'BATUK', 'Tidak', '0000-00-00', NULL, NULL, NULL, NULL, 6, 1, '2020-04-13 06:00:00', '2020-04-13 06:00:00', '1'),
(534, '2020-04-02', 'AINUL GUFRON', NULL, 22, 'L', 'TLOGOSARI', 21, 'INDONESIA', 'BONDOWOSO', '0000-00-00', NULL, 'ODP', 'T', NULL, 'PASURUAN', 'BATUK', 'Tidak', '0000-00-00', NULL, NULL, NULL, NULL, 6, 1, '2020-04-13 06:00:00', '2020-04-13 06:00:00', '1'),
(535, '2020-04-03', 'Anugrah Fajar Islam', NULL, 15, 'L', 'Desa Patemon Rt 007 Rw 002 Desa Patemon', 10, 'INDONESIA', 'BONDOWOSO', '0000-00-00', NULL, 'ODP', 'T', NULL, 'PROBOLINGGO', 'ISPA', 'Tidak', '0000-00-00', NULL, NULL, NULL, NULL, 17, 1, '2020-04-13 06:00:00', '2020-04-13 06:00:00', '1'),
(536, '2020-04-03', 'Gina Balqis Ramadhani', NULL, 11, 'P', 'Patemon RT 5 ', 10, 'INDONESIA', 'BONDOWOSO', '0000-00-00', NULL, 'ODP', 'T', NULL, 'PROBOLINGGO', 'ISPA', 'Tidak', '0000-00-00', NULL, NULL, NULL, NULL, 17, 1, '2020-04-13 06:00:00', '2020-04-13 06:00:00', '1'),
(537, '2020-04-03', 'Canna Salsabila Putri', NULL, 12, 'P', 'Patemon RT 7', 10, 'INDONESIA', 'BONDOWOSO', '0000-00-00', NULL, 'ODP', 'T', NULL, 'PROBOLINGGO', 'ISPA', 'Tidak', '0000-00-00', NULL, NULL, NULL, NULL, 17, 1, '2020-04-13 06:00:00', '2020-04-13 06:00:00', '1'),
(538, '2020-04-03', 'Firdausiah', NULL, 20, 'P', 'Ardisaeng Rt/rw 004/002 Ds. Ardisaeng', 10, 'INDONESIA', 'BONDOWOSO', '0000-00-00', NULL, 'ODP', 'T', NULL, 'PROBOLINGGO', 'Hipertermi', 'Tidak', '0000-00-00', NULL, NULL, NULL, NULL, 17, 1, '2020-04-13 06:00:00', '2020-04-13 06:00:00', '1'),
(539, '2020-04-03', 'Nurul Badi\'ah', NULL, 14, 'P', 'pakem Rt 5', 10, 'INDONESIA', 'BONDOWOSO', '0000-00-00', NULL, 'ODP', 'T', NULL, 'PROBOLINGGO', 'ISPA', 'Tidak', '0000-00-00', NULL, NULL, NULL, NULL, 17, 1, '2020-04-13 06:00:00', '2020-04-13 06:00:00', '1'),
(540, '2020-04-03', 'Amelika Purnama Sari', NULL, 13, 'P', 'Gadingsari RT 3', 10, 'INDONESIA', 'BONDOWOSO', '0000-00-00', NULL, 'ODP', 'T', NULL, 'PROBOLINGGO', 'ISPA', 'Tidak', '0000-00-00', NULL, NULL, NULL, NULL, 17, 1, '2020-04-13 06:00:00', '2020-04-13 06:00:00', '1'),
(541, '2020-04-03', 'Nuva Nurul Hasanah', NULL, 16, 'P', 'Patemon RT 13', 10, 'INDONESIA', 'BONDOWOSO', '0000-00-00', NULL, 'ODP', 'T', NULL, 'PROBOLINGGO', 'ISPA', 'Tidak', '0000-00-00', NULL, NULL, NULL, NULL, 17, 1, '2020-04-13 06:00:00', '2020-04-13 06:00:00', '1'),
(542, '2020-04-03', 'Musrifah Nurul Huzaini', NULL, 13, 'P', 'Pakem Kemiri RT/RW 006/002 Desa Pakem', 10, 'INDONESIA', 'BONDOWOSO', '0000-00-00', NULL, 'ODP', 'T', NULL, 'PROBOLINGGO', 'ISPA', 'Tidak', '0000-00-00', NULL, NULL, NULL, NULL, 17, 1, '2020-04-13 06:00:00', '2020-04-13 06:00:00', '1'),
(543, '2020-04-03', 'Barirah Fitriyana', NULL, 17, 'P', 'Patemon Pakem Rt/rw 013/002', 10, 'INDONESIA', 'BONDOWOSO', '0000-00-00', NULL, 'ODP', 'T', NULL, 'PROBOLINGGO', 'Hipertermi', 'Tidak', '0000-00-00', NULL, NULL, NULL, NULL, 17, 1, '2020-04-13 06:00:00', '2020-04-13 06:00:00', '1'),
(544, '2020-04-04', 'SURAHMAN', NULL, 50, 'L', 'WRINGIN', 23, 'INDONESIA', 'BONDOWOSO', '0000-00-00', NULL, 'ODP', 'T', NULL, 'BALI', 'DEMAM, BATUK', 'Tidak', '0000-00-00', NULL, NULL, NULL, NULL, 18, 1, '2020-04-13 06:00:00', '2020-04-13 06:00:00', '1'),
(545, '2020-04-04', 'ANDRE SEPTIAN', NULL, 36, 'L', 'DUMAS BARAT RT.28 RW.8', 20, 'INDONESIA', 'BONDOWOSO', '0000-00-00', NULL, 'ODP', 'T', NULL, 'JAKARTA', 'BATUK PILEK', 'Tidak', '0000-00-00', NULL, NULL, NULL, NULL, 11, 1, '2020-04-13 06:00:00', '2020-04-13 06:00:00', '1'),
(546, '2020-04-03', 'B. SUYATIK', NULL, 58, 'P', 'BESUK RT 09', 8, 'INDONESIA', 'BONDOWOSO', '0000-00-00', NULL, 'ODP', 'T', NULL, 'SITUBONDO', 'BATUK, PILEK', 'Tidak', '0000-00-00', NULL, NULL, NULL, NULL, 25, 1, '2020-04-13 06:00:00', '2020-04-13 06:00:00', '1'),
(547, '2020-04-02', 'Sadidah', NULL, 16, 'P', 'Jambesari', 7, 'INDONESIA', 'BONDOWOSO', '0000-00-00', NULL, 'ODP', 'T', NULL, 'PROBOLINGGO', 'Batuk,pilek,demam', 'Tidak', '0000-00-00', NULL, NULL, NULL, NULL, 4, 1, '2020-04-13 06:00:00', '2020-04-13 06:00:00', '1'),
(548, '2020-04-02', 'M.Syauqi', NULL, 21, 'L', 'Dsn. Batuan Barat, Jambeanom', 7, 'INDONESIA', 'BONDOWOSO', '0000-00-00', NULL, 'ODP', 'T', NULL, 'PROBOLINGGO', 'Batuk, pusing', 'Tidak', '0000-00-00', NULL, NULL, NULL, NULL, 4, 1, '2020-04-13 06:00:00', '2020-04-13 06:00:00', '1'),
(549, '2020-04-02', 'Nur Fadilah', NULL, 15, 'L', 'Ds. Pengarang RT.8', 7, 'INDONESIA', 'BONDOWOSO', '0000-00-00', NULL, 'ODP', 'T', NULL, 'PROBOLINGGO', 'Batuk, Pilek', 'Tidak', '0000-00-00', NULL, NULL, NULL, NULL, 4, 1, '2020-04-13 06:00:00', '2020-04-13 06:00:00', '1'),
(550, '2020-04-02', 'Lutfiah', NULL, 16, 'P', 'Ds. Pejagan', 7, 'INDONESIA', 'BONDOWOSO', '0000-00-00', NULL, 'ODP', 'T', NULL, 'PROBOLINGGO', 'Batuk, Pilek', 'Tidak', '0000-00-00', NULL, NULL, NULL, NULL, 4, 1, '2020-04-13 06:00:00', '2020-04-13 06:00:00', '1'),
(551, '2020-04-02', 'Novi Safiroh', NULL, 16, 'P', 'Ds. Karang Tengah, Jambeanom', 7, 'INDONESIA', 'BONDOWOSO', '0000-00-00', NULL, 'ODP', 'T', NULL, 'PROBOLINGGO', 'Batuk, pusing', 'Tidak', '0000-00-00', NULL, NULL, NULL, NULL, 4, 1, '2020-04-13 06:00:00', '2020-04-13 06:00:00', '1'),
(552, '2020-04-02', 'Fitriyatul Adilah', NULL, 18, 'P', 'Sumber anyar RT.5', 7, 'INDONESIA', 'BONDOWOSO', '0000-00-00', NULL, 'ODP', 'T', NULL, 'PROBOLINGGO', 'Batuk, pusing', 'Tidak', '0000-00-00', NULL, NULL, NULL, NULL, 4, 1, '2020-04-13 06:00:00', '2020-04-13 06:00:00', '1'),
(553, '2020-04-02', 'Maghfiroh', NULL, 13, 'P', 'ds. Pucanganom', 7, 'INDONESIA', 'BONDOWOSO', '0000-00-00', NULL, 'ODP', 'T', NULL, 'PROBOLINGGO', 'Demam', 'Tidak', '0000-00-00', NULL, NULL, NULL, NULL, 4, 1, '2020-04-13 06:00:00', '2020-04-13 06:00:00', '1'),
(554, '2020-04-02', 'Nadea Fariha', NULL, 16, 'P', 'Dsn. Cangkring, Grujugan lor ', 7, 'INDONESIA', 'BONDOWOSO', '0000-00-00', NULL, 'ODP', 'T', NULL, 'PROBOLINGGO', 'Batuk,pilek,demam', 'Tidak', '0000-00-00', NULL, NULL, NULL, NULL, 4, 1, '2020-04-13 06:00:00', '2020-04-13 06:00:00', '1'),
(555, '2020-04-02', 'Ayu Fitriatul H', NULL, 17, 'P', 'Ds. Pucanganom', 7, 'INDONESIA', 'BONDOWOSO', '0000-00-00', NULL, 'ODP', 'T', NULL, 'PROBOLINGGO', 'Demam', 'Tidak', '0000-00-00', NULL, NULL, NULL, NULL, 4, 1, '2020-04-13 06:00:00', '2020-04-13 06:00:00', '1'),
(556, '2020-04-02', 'Siti Nur halizah', NULL, 16, 'P', 'Ds Jambesari RT.1', 7, 'INDONESIA', 'BONDOWOSO', '0000-00-00', NULL, 'ODP', 'T', NULL, 'PROBOLINGGO', 'Batuk, pusing', 'Tidak', '0000-00-00', NULL, NULL, NULL, NULL, 4, 1, '2020-04-13 06:00:00', '2020-04-13 06:00:00', '1'),
(557, '2020-04-04', 'M. ISOM MAULIDI', NULL, 16, 'L', 'WONOSARI RT 19', 6, 'INDONESIA', 'BONDOWOSO', '0000-00-00', NULL, 'ODP', 'T', NULL, 'SITUBONDO', 'BATUK, PILEK', 'Tidak', '0000-00-00', NULL, NULL, NULL, NULL, 2, 1, '2020-04-13 06:00:00', '2020-04-13 06:00:00', '1'),
(558, '2020-04-04', 'FAHAT', NULL, 17, 'L', 'WONOSARI RT 5', 6, 'INDONESIA', 'BONDOWOSO', '0000-00-00', NULL, 'ODP', 'T', NULL, 'SITUBONDO', 'DEMM S= 37,6 C', 'Tidak', '0000-00-00', NULL, NULL, NULL, NULL, 2, 1, '2020-04-13 06:00:00', '2020-04-13 06:00:00', '1'),
(559, '2020-04-04', 'RIDWAN', NULL, 13, 'L', 'WONOSARI RT 17', 6, 'INDONESIA', 'BONDOWOSO', '0000-00-00', NULL, 'ODP', 'T', NULL, 'SITUBONDO', 'PILEK', 'Tidak', '0000-00-00', NULL, NULL, NULL, NULL, 2, 1, '2020-04-13 06:00:00', '2020-04-13 06:00:00', '1'),
(560, '2020-04-04', 'ROFEK', NULL, 23, 'L', 'WONOSARI RT 18', 6, 'INDONESIA', 'BONDOWOSO', '0000-00-00', NULL, 'ODP', 'T', NULL, 'SITUBONDO', 'DEMAM, BATUK, PILEK', 'Tidak', '0000-00-00', NULL, NULL, NULL, NULL, 2, 1, '2020-04-13 06:00:00', '2020-04-13 06:00:00', '1');
INSERT INTO `kumulatif` (`id`, `tgl_awal_pe`, `nama`, `nik`, `usia`, `gender`, `alamat`, `kecamatan_id`, `kebangsaan`, `kab_asal`, `tgl_mulai_sakit`, `gejala`, `kriteria_kasus`, `dirawat_di_rs`, `rs_yg_merawat`, `faktor_resiko`, `diagnosis`, `ambil_spesimen`, `tgl_ambil_spesimen`, `lab_pemeriksa`, `no_rm`, `hasil_pemeriksaan`, `keterangan`, `puskesmas_id`, `user_id`, `created_at`, `updated_at`, `status`) VALUES
(561, '2020-04-04', 'M. RIZAL FAROQI', NULL, 23, 'L', 'DADAPAN RT 26', 6, 'INDONESIA', 'BONDOWOSO', '0000-00-00', NULL, 'ODP', 'T', NULL, 'SITUBONDO', 'DEMAM, BATUK, PILEK', 'Tidak', '0000-00-00', NULL, NULL, NULL, NULL, 2, 1, '2020-04-13 06:00:00', '2020-04-13 06:00:00', '1'),
(562, '2020-04-04', 'HAFIS ALTAF', NULL, 16, 'L', 'DADAPAN RT 2', 6, 'INDONESIA', 'BONDOWOSO', '0000-00-00', NULL, 'ODP', 'T', NULL, 'PROBOLINGGO', 'BATUK, PILEK', 'Tidak', '0000-00-00', NULL, NULL, NULL, NULL, 2, 1, '2020-04-13 06:00:00', '2020-04-13 06:00:00', '1'),
(563, '2020-04-03', 'M SHOLEH', NULL, 17, 'L', 'SULEK RT 06', 21, 'INDONESIA', 'BONDOWOSO', '0000-00-00', NULL, 'ODP', 'T', NULL, 'BALI', 'DEMAM', 'Tidak', '0000-00-00', NULL, NULL, NULL, NULL, 6, 1, '2020-04-13 06:00:00', '2020-04-13 06:00:00', '1'),
(564, '2020-04-03', 'M WIDAN PERDANA', NULL, 23, 'L', 'SULEK RT 02', 21, 'INDONESIA', 'BONDOWOSO', '0000-00-00', NULL, 'ODP', 'T', NULL, 'BALI', 'BATUK', 'Tidak', '0000-00-00', NULL, NULL, NULL, NULL, 6, 1, '2020-04-13 06:00:00', '2020-04-13 06:00:00', '1'),
(565, '2020-04-03', 'M HABIB HASAN', NULL, 28, 'L', 'SULEK RT 14', 21, 'INDONESIA', 'BONDOWOSO', '0000-00-00', NULL, 'ODP', 'T', NULL, 'SIDOARJO', 'BATUK', 'Tidak', '0000-00-00', NULL, NULL, NULL, NULL, 6, 1, '2020-04-13 06:00:00', '2020-04-13 06:00:00', '1'),
(566, '2020-04-03', 'NOVITA SARI', NULL, 27, 'P', 'SULEK RT 14', 21, 'INDONESIA', 'BONDOWOSO', '0000-00-00', NULL, 'ODP', 'T', NULL, 'SIDOARJO', 'BATUK', 'Tidak', '0000-00-00', NULL, NULL, NULL, NULL, 6, 1, '2020-04-13 06:00:00', '2020-04-13 06:00:00', '1'),
(567, '2020-04-03', 'M RISKI AHSAN', NULL, 2, 'L', 'SULEK RT 14', 21, 'INDONESIA', 'BONDOWOSO', '0000-00-00', NULL, 'ODP', 'T', NULL, 'SIDOARJO', 'BATUK', 'Tidak', '0000-00-00', NULL, NULL, NULL, NULL, 6, 1, '2020-04-13 06:00:00', '2020-04-13 06:00:00', '1'),
(568, '2020-04-03', 'M DANIEL SETIAWAN', NULL, 20, 'L', 'SULEK RT 6', 21, 'INDONESIA', 'BONDOWOSO', '0000-00-00', NULL, 'ODP', 'T', NULL, 'JAKARTA', 'DEMAM', 'Tidak', '0000-00-00', NULL, NULL, NULL, NULL, 6, 1, '2020-04-13 06:00:00', '2020-04-13 06:00:00', '1'),
(569, '2020-04-03', 'IBRAHIM', NULL, 6, 'L', 'KEMBANG RT 28', 21, 'INDONESIA', 'BONDOWOSO', '0000-00-00', NULL, 'ODP', 'T', NULL, 'SITUBONDO', 'BATUK', 'Tidak', '0000-00-00', NULL, NULL, NULL, NULL, 6, 1, '2020-04-13 06:00:00', '2020-04-13 06:00:00', '1'),
(570, '2020-04-01', 'IQBATUL QUD', NULL, 16, 'L', 'KALIANYAR', 17, 'INDONESIA', 'BONDOWOSO', '0000-00-00', NULL, 'ODP', 'T', NULL, 'SITUBONDO', 'S: 36,1. BATUK KADANG KADANG', 'Tidak', '0000-00-00', NULL, NULL, NULL, NULL, 3, 1, '2020-04-13 06:00:00', '2020-04-13 06:00:00', '1'),
(571, '2020-04-01', 'A. SYARIFUDIN', NULL, 17, 'L', 'KEMIRIAN RT 1', 17, 'INDONESIA', 'BONDOWOSO', '0000-00-00', NULL, 'ODP', 'T', NULL, 'SITUBONDO', '36,6. BATUK 1 MINGGU', 'Tidak', '0000-00-00', NULL, NULL, NULL, NULL, 3, 1, '2020-04-13 06:00:00', '2020-04-13 06:00:00', '1'),
(572, '2020-04-01', 'ISBAT UBAIDILLAH', NULL, 17, 'L', 'WONOSUKO', 17, 'INDONESIA', 'BONDOWOSO', '0000-00-00', NULL, 'ODP', 'T', NULL, 'SITUBONDO', 'S: 36,6. NYERI TELAN ', 'Tidak', '0000-00-00', NULL, NULL, NULL, NULL, 3, 1, '2020-04-13 06:00:00', '2020-04-13 06:00:00', '1'),
(573, '2020-04-01', 'M. SABILIN', NULL, 14, 'L', 'WONOSUKO RT 7/02', 17, 'INDONESIA', 'BONDOWOSO', '0000-00-00', NULL, 'ODP', 'T', NULL, 'SITUBONDO', 'S: 36,8. DEMAM 2 HARI', 'Tidak', '0000-00-00', NULL, NULL, NULL, NULL, 3, 1, '2020-04-13 06:00:00', '2020-04-13 06:00:00', '1'),
(574, '2020-04-01', 'M. RISKI', NULL, 15, 'L', 'KEMIRIAN ', 17, 'INDONESIA', 'BONDOWOSO', '0000-00-00', NULL, 'ODP', 'T', NULL, 'SITUBONDO', 'S: 37,3. BATUK 2 HARI', 'Tidak', '0000-00-00', NULL, NULL, NULL, NULL, 3, 1, '2020-04-13 06:00:00', '2020-04-13 06:00:00', '1'),
(575, '2020-04-01', 'M. MUTFI HASAN', NULL, 14, 'L', 'KEMIRIAN', 17, 'INDONESIA', 'BONDOWOSO', '0000-00-00', NULL, 'ODP', 'T', NULL, 'SITUBONDO', 'S: 36,7. BATUK, PILEK, PANAS', 'Tidak', '0000-00-00', NULL, NULL, NULL, NULL, 3, 1, '2020-04-13 06:00:00', '2020-04-13 06:00:00', '1'),
(576, '2020-04-01', 'M. IKROM', NULL, 20, 'L', 'WONOSUKO RT 9', 17, 'INDONESIA', 'BONDOWOSO', '0000-00-00', NULL, 'ODP', 'T', NULL, 'SITUBONDO', 'S: 36,6. PILEK ', 'Tidak', '0000-00-00', NULL, NULL, NULL, NULL, 3, 1, '2020-04-13 06:00:00', '2020-04-13 06:00:00', '1'),
(577, '2020-04-01', 'ABDUL GAFUR', NULL, 14, 'L', 'WONSUKO RT 3/01', 17, 'INDONESIA', 'BONDOWOSO', '0000-00-00', NULL, 'ODP', 'T', NULL, 'SITUBONDO', 'S: 36,9. PILEK 2 HARI', 'Tidak', '0000-00-00', NULL, NULL, NULL, NULL, 3, 1, '2020-04-13 06:00:00', '2020-04-13 06:00:00', '1'),
(578, '2020-04-01', 'ROSIDAH', NULL, 16, 'P', 'SUKOSARI RT 10', 17, 'INDONESIA', 'BONDOWOSO', '0000-00-00', NULL, 'ODP', 'T', NULL, 'JEMBER', 'PANAS, BATUK, PILEK', 'Tidak', '0000-00-00', NULL, NULL, NULL, NULL, 3, 1, '2020-04-13 06:00:00', '2020-04-13 06:00:00', '1'),
(579, '2020-04-02', 'ALEK ALAIKOL HASAN', NULL, 17, 'L', 'MENGEN RT 5', 17, 'INDONESIA', 'BONDOWOSO', '0000-00-00', NULL, 'ODP', 'T', NULL, 'PROBOLINGGO', 'BATUK 2 HARI', 'Tidak', '0000-00-00', NULL, NULL, NULL, NULL, 3, 1, '2020-04-13 06:00:00', '2020-04-13 06:00:00', '1'),
(580, '2020-04-02', 'WARDATUS SOLEHAH', NULL, 21, 'P', 'KERAJAN BARAT RT 1/02 WONOSUKO', 17, 'INDONESIA', 'BONDOWOSO', '0000-00-00', NULL, 'ODP', 'T', NULL, 'PROBOLINGGO', 'BATUK 2 HARI', 'Tidak', '0000-00-00', NULL, NULL, NULL, NULL, 3, 1, '2020-04-13 06:00:00', '2020-04-13 06:00:00', '1'),
(581, '2020-04-02', 'M. FARHAN UBAYDILAH', NULL, 16, 'L', 'MENGEN', 17, 'INDONESIA', 'BONDOWOSO', '0000-00-00', NULL, 'ODP', 'T', NULL, 'PROBOLINGGO', 'BATUK DAN SESAK 5 HARI', 'Tidak', '0000-00-00', NULL, NULL, NULL, NULL, 3, 1, '2020-04-13 06:00:00', '2020-04-13 06:00:00', '1'),
(582, '2020-04-02', 'IMMATUL AISIH', NULL, 20, 'P', 'KALIANYAR', 17, 'INDONESIA', 'BONDOWOSO', '0000-00-00', NULL, 'ODP', 'T', NULL, 'PROBOLINGGO', 'BATUK 2 HARI', 'Tidak', '0000-00-00', NULL, NULL, NULL, NULL, 3, 1, '2020-04-13 06:00:00', '2020-04-13 06:00:00', '1'),
(583, '2020-04-02', 'FIRMAN', NULL, 21, 'L', 'KEMIRIAN RT 10', 17, 'INDONESIA', 'BONDOWOSO', '0000-00-00', NULL, 'ODP', 'T', NULL, 'PROBOLINGGO', 'BATUK 2 HARI', 'Tidak', '0000-00-00', NULL, NULL, NULL, NULL, 3, 1, '2020-04-13 06:00:00', '2020-04-13 06:00:00', '1'),
(584, '2020-04-02', 'MOCH ADITYA', NULL, 19, 'L', 'KEMIRIAN RT 7/02', 17, 'INDONESIA', 'BONDOWOSO', '0000-00-00', NULL, 'ODP', 'T', NULL, 'PROBOLINGGO', 'BATUK 2 HARI', 'Tidak', '0000-00-00', NULL, NULL, NULL, NULL, 3, 1, '2020-04-13 06:00:00', '2020-04-13 06:00:00', '1'),
(585, '2020-04-02', 'MOCH ZIDANUL', NULL, 13, 'L', 'KALIANYAR RT 19', 17, 'INDONESIA', 'BONDOWOSO', '0000-00-00', NULL, 'ODP', 'T', NULL, 'PROBOLINGGO', 'BATU PILEK 3 HARI', 'Tidak', '0000-00-00', NULL, NULL, NULL, NULL, 3, 1, '2020-04-13 06:00:00', '2020-04-13 06:00:00', '1'),
(586, '2020-04-02', 'HAIKAL WILDA', NULL, 13, 'L', 'TAMANAN', 17, 'INDONESIA', 'BONDOWOSO', '0000-00-00', NULL, 'ODP', 'T', NULL, 'PROBOLINGGO', 'BATUK PILEK 2 HARI', 'Tidak', '0000-00-00', NULL, NULL, NULL, NULL, 3, 1, '2020-04-13 06:00:00', '2020-04-13 06:00:00', '1'),
(587, '2020-04-02', 'M. ANWAR NURIS', NULL, 17, 'L', 'DUSUN SUMBER TENGAH, SUMBER ANOM', 17, 'INDONESIA', 'BONDOWOSO', '0000-00-00', NULL, 'ODP', 'T', NULL, 'PROBOLINGGO', 'BATUK PILEK 3 HARI, NYERI TENGGOROKAN 2 HARI', 'Tidak', '0000-00-00', NULL, NULL, NULL, NULL, 3, 1, '2020-04-13 06:00:00', '2020-04-13 06:00:00', '1'),
(588, '2020-04-03', 'UMARI', NULL, 52, 'L', 'SELOLEMBU RT 05/02', 5, 'INDONESIA', 'BONDOWOSO', '0000-00-00', NULL, 'ODP', 'T', NULL, 'BALI', 'PILEK', 'Tidak', '0000-00-00', NULL, NULL, NULL, NULL, 15, 1, '2020-04-13 06:00:00', '2020-04-13 06:00:00', '1'),
(589, '2020-04-03', 'SRI WAHYUNI', NULL, 20, 'P', 'JETIS RT 04', 5, 'INDONESIA', 'BONDOWOSO', '0000-00-00', NULL, 'ODP', 'T', NULL, 'BALI', 'BATUK, NYERI TELAN', 'Tidak', '0000-00-00', NULL, NULL, NULL, NULL, 15, 1, '2020-04-13 06:00:00', '2020-04-13 06:00:00', '1'),
(590, '2020-04-01', 'NAILUS RAHMANIA', NULL, 0, 'P', 'PUJER', 12, 'INDONESIA', 'BONDOWOSO', '0000-00-00', NULL, 'ODP', 'T', NULL, 'PROBOLINGGO', 'PILEK', 'Tidak', '0000-00-00', NULL, NULL, NULL, NULL, 5, 1, '2020-04-13 06:00:00', '2020-04-13 06:00:00', '1'),
(591, '2020-04-02', 'M. TESAR B', NULL, 14, 'L', 'MENGOK RT 29', 12, 'INDONESIA', 'BONDOWOSO', '0000-00-00', NULL, 'ODP', 'T', NULL, 'PROBOLINGGO', 'BATUK', 'Tidak', '0000-00-00', NULL, NULL, NULL, NULL, 5, 1, '2020-04-13 06:00:00', '2020-04-13 06:00:00', '1'),
(592, '2020-04-02', 'AHMAD ZAINI', NULL, 16, 'L', 'MENGOK RANCANG', 12, 'INDONESIA', 'BONDOWOSO', '0000-00-00', NULL, 'ODP', 'T', NULL, 'PROBOLINGGO', 'PANAS', 'Tidak', '0000-00-00', NULL, NULL, NULL, NULL, 5, 1, '2020-04-13 06:00:00', '2020-04-13 06:00:00', '1'),
(593, '2020-04-02', 'ANISATUL KAMILA', NULL, 16, 'P', 'MASKUNING WETAN RT 19', 12, 'INDONESIA', 'BONDOWOSO', '0000-00-00', NULL, 'ODP', 'T', NULL, 'PROBOLINGGO', 'PILEK', 'Tidak', '0000-00-00', NULL, NULL, NULL, NULL, 5, 1, '2020-04-13 06:00:00', '2020-04-13 06:00:00', '1'),
(594, '2020-04-02', 'SAFIRA AULIA', NULL, 16, 'P', 'SUKOWONO RT 3', 12, 'INDONESIA', 'BONDOWOSO', '0000-00-00', NULL, 'ODP', 'T', NULL, 'PROBOLINGGO', 'PILEK', 'Tidak', '0000-00-00', NULL, NULL, NULL, NULL, 5, 1, '2020-04-13 06:00:00', '2020-04-13 06:00:00', '1'),
(595, '2020-04-02', 'ZADAM MAULANA', NULL, 15, 'L', 'SUKODONO RT 8', 12, 'INDONESIA', 'BONDOWOSO', '0000-00-00', NULL, 'ODP', 'T', NULL, 'PROBOLINGGO', 'BATUK PILEK', 'Tidak', '0000-00-00', NULL, NULL, NULL, NULL, 5, 1, '2020-04-13 06:00:00', '2020-04-13 06:00:00', '1'),
(596, '2020-04-02', 'M ARIFIN ', NULL, 16, 'L', 'KEJAYAN ', 12, 'INDONESIA', 'BONDOWOSO', '0000-00-00', NULL, 'ODP', 'T', NULL, 'PROBOLINGGO', 'PUSING', 'Tidak', '0000-00-00', NULL, NULL, NULL, NULL, 5, 1, '2020-04-13 06:00:00', '2020-04-13 06:00:00', '1'),
(597, '2020-04-02', 'YUSRI IHZA SAPUTRA', NULL, 17, 'L', 'KEJAYAN  RT8 ', 12, 'INDONESIA', 'BONDOWOSO', '0000-00-00', NULL, 'ODP', 'T', NULL, 'PROBOLINGGO', 'PILEK, PANAS', 'Tidak', '0000-00-00', NULL, NULL, NULL, NULL, 5, 1, '2020-04-13 06:00:00', '2020-04-13 06:00:00', '1'),
(598, '2020-04-02', 'M. RISKI ALI', NULL, 18, 'L', 'MENGOK', 12, 'INDONESIA', 'BONDOWOSO', '0000-00-00', NULL, 'ODP', 'T', NULL, 'PROBOLINGGO', 'PILEK', 'Tidak', '0000-00-00', NULL, NULL, NULL, NULL, 5, 1, '2020-04-13 06:00:00', '2020-04-13 06:00:00', '1'),
(599, '2020-04-02', 'Ahmad Rizal Pratama Nugraha', NULL, 15, 'L', 'Ramban Kulon RT.011 RW.001', 4, 'INDONESIA', 'BONDOWOSO', '0000-00-00', NULL, 'ODP', 'T', NULL, 'PROBOLINGGO', 'batuk', 'Tidak', '0000-00-00', NULL, NULL, NULL, NULL, 24, 1, '2020-04-13 06:00:00', '2020-04-13 06:00:00', '1'),
(600, '2020-04-02', 'Ahmad Zaini', NULL, 15, 'L', 'Ramban Kulon Rt 09 Kel Ramban Kulon', 4, 'INDONESIA', 'BONDOWOSO', '0000-00-00', NULL, 'ODP', 'T', NULL, 'PROBOLINGGO', 'batuk', 'Tidak', '0000-00-00', NULL, NULL, NULL, NULL, 24, 1, '2020-04-13 06:00:00', '2020-04-13 06:00:00', '1'),
(601, '2020-04-02', 'Ahmat Fausi', NULL, 0, 'L', 'Desa Bercak Asri RT.006/RW.002', 4, 'INDONESIA', 'BONDOWOSO', '0000-00-00', NULL, 'ODP', 'T', NULL, 'PROBOLINGGO', NULL, 'Tidak', '0000-00-00', NULL, NULL, NULL, NULL, 24, 1, '2020-04-13 06:00:00', '2020-04-13 06:00:00', '1'),
(602, '2020-04-02', 'Arifka Alifia Dwi Putri', NULL, 15, 'P', 'Bercak Asri', 4, 'INDONESIA', 'BONDOWOSO', '0000-00-00', NULL, 'ODP', 'T', NULL, 'PROBOLINGGO', 'batuk-pilek', 'Tidak', '0000-00-00', NULL, NULL, NULL, NULL, 24, 1, '2020-04-13 06:00:00', '2020-04-13 06:00:00', '1'),
(603, '2020-04-02', 'Azriel Shalif Raihan Syah', NULL, 17, 'L', 'Krajan 1 Ramban Kulon', 4, 'INDONESIA', 'BONDOWOSO', '0000-00-00', NULL, 'ODP', 'T', NULL, 'PROBOLINGGO', 'Batuk', 'Tidak', '0000-00-00', NULL, NULL, NULL, NULL, 24, 1, '2020-04-13 06:00:00', '2020-04-13 06:00:00', '1'),
(604, '2020-04-02', 'Durrotul Masruroh', NULL, 23, 'P', 'Bajuran', 4, 'INDONESIA', 'BONDOWOSO', '0000-00-00', NULL, 'ODP', 'T', NULL, 'PROBOLINGGO', 'Batuk', 'Tidak', '0000-00-00', NULL, NULL, NULL, NULL, 24, 1, '2020-04-13 06:00:00', '2020-04-13 06:00:00', '1'),
(605, '2020-04-02', 'Krisdayanti', NULL, 0, 'P', 'Dusun Mojopahit Cermee Rt/rw 008', 4, 'INDONESIA', 'BONDOWOSO', '0000-00-00', NULL, 'ODP', 'T', NULL, 'PROBOLINGGO', 'Batuk', 'Tidak', '0000-00-00', NULL, NULL, NULL, NULL, 24, 1, '2020-04-13 06:00:00', '2020-04-13 06:00:00', '1'),
(606, '2020-04-02', 'Moh Nurul Afifi', NULL, 17, 'L', 'Dusun Airlangga RT/RW 06/02 Desa Suling Kulon', 4, 'INDONESIA', 'BONDOWOSO', '0000-00-00', NULL, 'ODP', 'T', NULL, 'PROBOLINGGO', 'Batuk', 'Tidak', '0000-00-00', NULL, NULL, NULL, NULL, 24, 1, '2020-04-13 06:00:00', '2020-04-13 06:00:00', '1'),
(607, '2020-04-02', 'Nasyiatul Imaniyah Riza', NULL, 20, 'P', 'Jl Raya Cermee No.09', 4, 'INDONESIA', 'BONDOWOSO', '0000-00-00', NULL, 'ODP', 'T', NULL, 'PROBOLINGGO', 'Batuk', 'Tidak', '0000-00-00', NULL, NULL, NULL, NULL, 24, 1, '2020-04-13 06:00:00', '2020-04-13 06:00:00', '1'),
(608, '2020-04-02', 'MUHAMMAD SYAIFUR ROHIM', NULL, 15, 'L', 'Ramban Wetan Cermee', 4, 'INDONESIA', 'BONDOWOSO', '0000-00-00', NULL, 'ODP', 'T', NULL, 'Pasuruan', 'batuk', 'Tidak', '0000-00-00', NULL, NULL, NULL, NULL, 24, 1, '2020-04-13 06:00:00', '2020-04-13 06:00:00', '1'),
(609, '2020-04-02', 'ACH FAUZI', NULL, 20, 'L', 'Bajuran Cermee rt 1', 4, 'INDONESIA', 'BONDOWOSO', '0000-00-00', NULL, 'ODP', 'T', NULL, 'Pasuruan', 'batuk pilek', 'Tidak', '0000-00-00', NULL, NULL, NULL, NULL, 24, 1, '2020-04-13 06:00:00', '2020-04-13 06:00:00', '1'),
(610, '2020-04-02', 'FAYYADLUL IRFAN', NULL, 16, 'L', 'Ramban Kulon Cermee', 4, 'INDONESIA', 'BONDOWOSO', '0000-00-00', NULL, 'ODP', 'T', NULL, 'Pasuruan', 'BATUK', 'Tidak', '0000-00-00', NULL, NULL, NULL, NULL, 24, 1, '2020-04-13 06:00:00', '2020-04-13 06:00:00', '1'),
(611, '2020-04-02', 'MOHAMMAD MUZAMMIL', NULL, 17, 'L', 'Bajuran Cermee', 4, 'INDONESIA', 'BONDOWOSO', '0000-00-00', NULL, 'ODP', 'T', NULL, 'Pasuruan', 'batuk pilek panas', 'Tidak', '0000-00-00', NULL, NULL, NULL, NULL, 24, 1, '2020-04-13 06:00:00', '2020-04-13 06:00:00', '1'),
(612, '2020-04-02', 'UBAIDILLAH', NULL, 23, 'L', 'Ramban Kulon Cermee rt 16', 4, 'INDONESIA', 'BONDOWOSO', '0000-00-00', NULL, 'ODP', 'T', NULL, 'Pasuruan', 'batuk pilek', 'Tidak', '0000-00-00', NULL, NULL, NULL, NULL, 24, 1, '2020-04-13 06:00:00', '2020-04-13 06:00:00', '1'),
(613, '2020-03-26', 'Rizki', NULL, 10, 'L', 'Jiret mas Rt 07', 4, 'INDONESIA', 'BONDOWOSO', '0000-00-00', NULL, 'ODP', 'T', NULL, 'Kalimantan', 'Panas,batuk, cacar', 'Tidak', '0000-00-00', NULL, NULL, NULL, NULL, 24, 1, '2020-04-13 06:00:00', '2020-04-13 06:00:00', '1'),
(614, '2020-04-04', 'Hendra', NULL, 43, 'L', 'Prakid Rt 4 Rw 7', 11, 'INDONESIA', 'BONDOWOSO', '0000-00-00', NULL, 'ODP', 'T', NULL, 'BALI', 'Panas 38,4', 'Tidak', '0000-00-00', NULL, NULL, NULL, NULL, 23, 1, '2020-04-13 06:00:00', '2020-04-13 06:00:00', '1'),
(615, '2020-04-04', 'Ervan Rofiki', NULL, 31, 'L', 'Walidono Rt 16', 11, 'INDONESIA', 'BONDOWOSO', '0000-00-00', NULL, 'ODP', 'T', NULL, 'MALANG', 'Panas 38,1', 'Tidak', '0000-00-00', NULL, NULL, NULL, NULL, 23, 1, '2020-04-13 06:00:00', '2020-04-13 06:00:00', '1'),
(616, '2020-04-03', 'YUSTIN ANGGRAINI', NULL, 22, 'P', 'BADEAN RT. 02/01', 2, 'INDONESIA', 'BONDOWOSO', '0000-00-00', NULL, 'ODP', 'T', NULL, 'BALI', NULL, 'Tidak', '0000-00-00', NULL, NULL, NULL, NULL, 13, 1, '2020-04-13 06:00:00', '2020-04-13 06:00:00', '1'),
(617, '2020-04-04', 'YAYIN ROHMANIYAH', NULL, 18, 'P', 'tegal jati', 15, 'INDONESIA', 'BONDOWOSO', '0000-00-00', NULL, 'ODP', 'T', NULL, 'SITUBONDO', 'PILEK', 'Tidak', '0000-00-00', NULL, NULL, NULL, NULL, 8, 1, '2020-04-13 06:00:00', '2020-04-13 06:00:00', '1'),
(618, '2020-04-04', 'ayu rofikoh', NULL, 17, 'P', 'tegal jati', 15, 'INDONESIA', 'BONDOWOSO', '0000-00-00', NULL, 'ODP', 'T', NULL, 'SITUBONDO', 'FLU', 'Tidak', '0000-00-00', NULL, NULL, NULL, NULL, 8, 1, '2020-04-13 06:00:00', '2020-04-13 06:00:00', '1'),
(619, '2020-04-05', 'PUTRI FIRDAUS', NULL, 20, 'P', 'LOJAJAR', 20, 'INDONESIA', 'BONDOWOSO', '0000-00-00', NULL, 'ODP', 'T', NULL, 'SITUBONDO', 'BATUK,PILEK', 'Tidak', '0000-00-00', NULL, NULL, NULL, NULL, 11, 1, '2020-04-13 06:00:00', '2020-04-13 06:00:00', '1'),
(620, '2020-04-05', 'ZULVA MAULIDINA', NULL, 15, 'P', 'BATAAN RT.14 RW.4', 20, 'INDONESIA', 'BONDOWOSO', '0000-00-00', NULL, 'ODP', 'T', NULL, 'SITUBONDO', 'BATUK,PILEK', 'Tidak', '0000-00-00', NULL, NULL, NULL, NULL, 11, 1, '2020-04-13 06:00:00', '2020-04-13 06:00:00', '1'),
(621, '2020-04-05', 'NURLAILATUL QOMARIYAH', NULL, 16, 'P', 'LOJAJAR', 20, 'INDONESIA', 'BONDOWOSO', '0000-00-00', NULL, 'ODP', 'T', NULL, 'SITUBONDO', 'BATUK,PILEK', 'Tidak', '0000-00-00', NULL, NULL, NULL, NULL, 11, 1, '2020-04-13 06:00:00', '2020-04-13 06:00:00', '1'),
(622, '2020-04-04', 'AZIZATUL', NULL, 15, 'P', 'BESUK RT 12', 8, 'INDONESIA', 'BONDOWOSO', '0000-00-00', NULL, 'ODP', 'T', NULL, 'SITUBONDO', 'BATUK, PILEK', 'Tidak', '0000-00-00', NULL, NULL, NULL, NULL, 25, 1, '2020-04-13 06:00:00', '2020-04-13 06:00:00', '1'),
(623, '2020-04-04', 'JIHAN UFAIROH', NULL, 13, 'P', 'WONOKERTO RT3', 8, 'INDONESIA', 'BONDOWOSO', '0000-00-00', NULL, 'ODP', 'T', NULL, 'SITUBONDO', 'BATUK, PILEK', 'Tidak', '0000-00-00', NULL, NULL, NULL, NULL, 25, 1, '2020-04-13 06:00:00', '2020-04-13 06:00:00', '1'),
(624, '2020-04-04', 'PUPUT MELATI', NULL, 18, 'P', 'PANDAK RT 9', 8, 'INDONESIA', 'BONDOWOSO', '0000-00-00', NULL, 'ODP', 'T', NULL, 'SITUBONDO', 'BATUK, PILEK', 'Tidak', '0000-00-00', NULL, NULL, NULL, NULL, 25, 1, '2020-04-13 06:00:00', '2020-04-13 06:00:00', '1'),
(625, '2020-04-04', 'MURTINI', NULL, 20, 'P', 'WONOBOYO RT 01', 8, 'INDONESIA', 'BONDOWOSO', '0000-00-00', NULL, 'ODP', 'T', NULL, 'SITUBONDO', 'BATUK, PILEK, PANAS', 'Tidak', '0000-00-00', NULL, NULL, NULL, NULL, 25, 1, '2020-04-13 06:00:00', '2020-04-13 06:00:00', '1'),
(626, '2020-04-04', 'FANIA RAHMATUL', NULL, 13, 'P', 'WONOKERTO RT3', 8, 'INDONESIA', 'BONDOWOSO', '0000-00-00', NULL, 'ODP', 'T', NULL, 'SITUBONDO', 'BATUK, PILEK', 'Tidak', '0000-00-00', NULL, NULL, NULL, NULL, 25, 1, '2020-04-13 06:00:00', '2020-04-13 06:00:00', '1'),
(627, '2020-04-04', 'Novita Lutfiatur', NULL, 14, 'P', 'Cangkring', 11, 'INDONESIA', 'BONDOWOSO', '0000-00-00', NULL, 'ODP', 'T', NULL, 'SITUBONDO', 'Batuk', 'Tidak', '0000-00-00', NULL, NULL, NULL, NULL, 23, 1, '2020-04-13 06:00:00', '2020-04-13 06:00:00', '1'),
(628, '2020-04-04', 'Almira Salsabila', NULL, 13, 'P', 'Cangkring', 11, 'INDONESIA', 'BONDOWOSO', '0000-00-00', NULL, 'ODP', 'T', NULL, 'SITUBONDO', 'Batuk', 'Tidak', '0000-00-00', NULL, NULL, NULL, NULL, 23, 1, '2020-04-13 06:00:00', '2020-04-13 06:00:00', '1'),
(629, '2020-04-04', 'Hilyanadine', NULL, 13, 'P', 'Bandilan', 11, 'INDONESIA', 'BONDOWOSO', '0000-00-00', NULL, 'ODP', 'T', NULL, 'SITUBONDO', 'Pilek', 'Tidak', '0000-00-00', NULL, NULL, NULL, NULL, 23, 1, '2020-04-13 06:00:00', '2020-04-13 06:00:00', '1'),
(630, '2020-04-04', 'Putri Cahya', NULL, 15, 'P', 'Prajekan Lor', 11, 'INDONESIA', 'BONDOWOSO', '0000-00-00', NULL, 'ODP', 'T', NULL, 'SITUBONDO', 'Batuk', 'Tidak', '0000-00-00', NULL, NULL, NULL, NULL, 23, 1, '2020-04-13 06:00:00', '2020-04-13 06:00:00', '1'),
(631, '2020-04-04', 'Esa Dewi', NULL, 16, 'P', 'Prajekan Kidul', 11, 'INDONESIA', 'BONDOWOSO', '0000-00-00', NULL, 'ODP', 'T', NULL, 'SITUBONDO', 'Batuk Pilek', 'Tidak', '0000-00-00', NULL, NULL, NULL, NULL, 23, 1, '2020-04-13 06:00:00', '2020-04-13 06:00:00', '1'),
(632, '2020-04-04', 'Dwi Fitriani', NULL, 37, 'P', 'Prajekan Lor rt 1 rw 1', 11, 'INDONESIA', 'BONDOWOSO', '0000-00-00', NULL, 'ODP', 'T', NULL, 'SITUBONDO', 'Batuk Pilek', 'Tidak', '0000-00-00', NULL, NULL, NULL, NULL, 23, 1, '2020-04-13 06:00:00', '2020-04-13 06:00:00', '1'),
(633, '2020-04-04', 'HILMALIA SINTA', NULL, 17, 'P', 'JEBUNG LOR', 21, 'INDONESIA', 'BONDOWOSO', '0000-00-00', NULL, 'ODP', 'T', NULL, 'SITUBONDO', 'BATUK', 'Tidak', '0000-00-00', NULL, NULL, NULL, NULL, 6, 1, '2020-04-13 06:00:00', '2020-04-13 06:00:00', '1'),
(634, '2020-04-04', 'ARDILA DWI P', NULL, 16, 'P', 'GUNOSARI', 21, 'INDONESIA', 'BONDOWOSO', '0000-00-00', NULL, 'ODP', 'T', NULL, 'SITUBONDO', 'BATUK', 'Tidak', '0000-00-00', NULL, NULL, NULL, NULL, 6, 1, '2020-04-13 06:00:00', '2020-04-13 06:00:00', '1'),
(635, '2020-04-04', 'ROHMATUN AZIZAH', NULL, 17, 'P', 'JEBUNG KIDUL', 21, 'INDONESIA', 'BONDOWOSO', '0000-00-00', NULL, 'ODP', 'T', NULL, 'SITUBONDO', 'BATUK', 'Tidak', '0000-00-00', NULL, NULL, NULL, NULL, 6, 1, '2020-04-13 06:00:00', '2020-04-13 06:00:00', '1'),
(636, '2020-04-04', 'ELISTIYA AISYAH', NULL, 18, 'P', 'KEMBANG', 21, 'INDONESIA', 'BONDOWOSO', '0000-00-00', NULL, 'ODP', 'T', NULL, 'SITUBONDO', 'BATUK', 'Tidak', '0000-00-00', NULL, NULL, NULL, NULL, 6, 1, '2020-04-13 06:00:00', '2020-04-13 06:00:00', '1'),
(637, '2020-04-04', 'IHZTUL KHOFIFAH', NULL, 16, 'P', 'KEMBANG', 21, 'INDONESIA', 'BONDOWOSO', '0000-00-00', NULL, 'ODP', 'T', NULL, 'SITUBONDO', 'PILEK', 'Tidak', '0000-00-00', NULL, NULL, NULL, NULL, 6, 1, '2020-04-13 06:00:00', '2020-04-13 06:00:00', '1'),
(638, '2020-04-04', 'IRMA WAHYUNI', NULL, 15, 'P', 'PAKISAN', 21, 'INDONESIA', 'BONDOWOSO', '0000-00-00', NULL, 'ODP', 'T', NULL, 'SITUBONDO', 'PILEK', 'Tidak', '0000-00-00', NULL, NULL, NULL, NULL, 6, 1, '2020-04-13 06:00:00', '2020-04-13 06:00:00', '1'),
(639, '2020-04-04', 'NURIL TRIKURNIA', NULL, 18, 'P', 'PAKISAN', 21, 'INDONESIA', 'BONDOWOSO', '0000-00-00', NULL, 'ODP', 'T', NULL, 'SITUBONDO', 'PILEK', 'Tidak', '0000-00-00', NULL, NULL, NULL, NULL, 6, 1, '2020-04-13 06:00:00', '2020-04-13 06:00:00', '1'),
(640, '2020-04-04', 'SITI ZIKA', NULL, 17, 'P', 'PAKISAN', 21, 'INDONESIA', 'BONDOWOSO', '0000-00-00', NULL, 'ODP', 'T', NULL, 'SITUBONDO', 'BATUK', 'Tidak', '0000-00-00', NULL, NULL, NULL, NULL, 6, 1, '2020-04-13 06:00:00', '2020-04-13 06:00:00', '1'),
(641, '2020-04-04', 'SITI YUNI', NULL, 18, 'P', 'JEBUNG KIDUL', 21, 'INDONESIA', 'BONDOWOSO', '0000-00-00', NULL, 'ODP', 'T', NULL, 'SITUBONDO', 'PILEK', 'Tidak', '0000-00-00', NULL, NULL, NULL, NULL, 6, 1, '2020-04-13 06:00:00', '2020-04-13 06:00:00', '1'),
(642, '2020-04-04', 'FITRI NAFIRA', NULL, 17, 'P', 'PATEMON', 21, 'INDONESIA', 'BONDOWOSO', '0000-00-00', NULL, 'ODP', 'T', NULL, 'SITUBONDO', 'BATUK', 'Tidak', '0000-00-00', NULL, NULL, NULL, NULL, 6, 1, '2020-04-13 06:00:00', '2020-04-13 06:00:00', '1'),
(643, '2020-04-04', 'LULUK KHOMARIAH', NULL, 16, 'P', 'JEBUNG KIDUL', 21, 'INDONESIA', 'BONDOWOSO', '0000-00-00', NULL, 'ODP', 'T', NULL, 'SITUBONDO', 'PILEK', 'Tidak', '0000-00-00', NULL, NULL, NULL, NULL, 6, 1, '2020-04-13 06:00:00', '2020-04-13 06:00:00', '1'),
(644, '2020-04-04', 'AYU DIANA DEWI', NULL, 17, 'P', 'SULEK', 21, 'INDONESIA', 'BONDOWOSO', '0000-00-00', NULL, 'ODP', 'T', NULL, 'SITUBONDO', 'BATUK', 'Tidak', '0000-00-00', NULL, NULL, NULL, NULL, 6, 1, '2020-04-13 06:00:00', '2020-04-13 06:00:00', '1'),
(645, '2020-04-04', 'NURIL IHZA', NULL, 16, 'P', 'TLOGOSARI', 21, 'INDONESIA', 'BONDOWOSO', '0000-00-00', NULL, 'ODP', 'T', NULL, 'SITUBONDO', 'BATUK', 'Tidak', '0000-00-00', NULL, NULL, NULL, NULL, 6, 1, '2020-04-13 06:00:00', '2020-04-13 06:00:00', '1'),
(646, '2020-04-04', 'LINDA FATMAWATI', NULL, 18, 'P', 'PAKISAN', 21, 'INDONESIA', 'BONDOWOSO', '0000-00-00', NULL, 'ODP', 'T', NULL, 'PASURUAN', 'BATUK', 'Tidak', '0000-00-00', NULL, NULL, NULL, NULL, 6, 1, '2020-04-13 06:00:00', '2020-04-13 06:00:00', '1'),
(647, '2020-04-04', 'HUFAIDHATUL', NULL, 22, 'P', 'JEBUNG KIDUL', 21, 'INDONESIA', 'BONDOWOSO', '0000-00-00', NULL, 'ODP', 'T', NULL, 'PASURUAN', 'PILEK', 'Tidak', '0000-00-00', NULL, NULL, NULL, NULL, 6, 1, '2020-04-13 06:00:00', '2020-04-13 06:00:00', '1'),
(648, '2020-04-05', 'M. NABIL', NULL, 18, 'L', 'TAMAN RT 35', 6, 'INDONESIA', 'BONDOWOSO', '0000-00-00', NULL, 'ODP', 'T', NULL, 'SITUBONDO', 'PILEK', 'Tidak', '0000-00-00', NULL, NULL, NULL, NULL, 2, 1, '2020-04-13 06:00:00', '2020-04-13 06:00:00', '1'),
(649, '2020-04-05', 'SALMAN AL FARISI', NULL, 19, 'L', 'TAMAN RT 68', 6, 'INDONESIA', 'BONDOWOSO', '0000-00-00', NULL, 'ODP', 'T', NULL, 'SITUBONDO', 'BATUK', 'Tidak', '0000-00-00', NULL, NULL, NULL, NULL, 2, 1, '2020-04-13 06:00:00', '2020-04-13 06:00:00', '1'),
(650, '2020-04-05', 'IFADATUL', NULL, 18, 'P', 'PEKAUMAN ', 6, 'INDONESIA', 'BONDOWOSO', '0000-00-00', NULL, 'ODP', 'T', NULL, 'PROBOLINGGO', 'BATUK', 'Tidak', '0000-00-00', NULL, NULL, NULL, NULL, 2, 1, '2020-04-13 06:00:00', '2020-04-13 06:00:00', '1'),
(651, '2020-04-04', 'IINTAFIA TAKILA', NULL, 16, 'P', 'Desa Sumber Canting', 3, 'INDONESIA', 'BONDOWOSO', '0000-00-00', NULL, 'ODP', 'T', NULL, 'SITUBONDO', 'Batuk', 'Tidak', '0000-00-00', NULL, NULL, NULL, NULL, 22, 1, '2020-04-13 06:00:00', '2020-04-13 06:00:00', '1'),
(652, '2020-04-04', 'SITI NUR HOIRIY', NULL, 15, 'P', 'Desa Botolinggo', 3, 'INDONESIA', 'BONDOWOSO', '0000-00-00', NULL, 'ODP', 'T', NULL, 'SITUBONDO', 'Pilek', 'Tidak', '0000-00-00', NULL, NULL, NULL, NULL, 22, 1, '2020-04-13 06:00:00', '2020-04-13 06:00:00', '1'),
(653, '2020-04-04', 'NURUL KAMILA', NULL, 15, 'P', 'Desa Lumutan', 3, 'INDONESIA', 'BONDOWOSO', '0000-00-00', NULL, 'ODP', 'T', NULL, 'SITUBONDO', 'Batuk', 'Tidak', '0000-00-00', NULL, NULL, NULL, NULL, 22, 1, '2020-04-13 06:00:00', '2020-04-13 06:00:00', '1'),
(654, '2020-04-04', 'SUNAR SIH', NULL, 16, 'P', 'Desa Botolinggo', 3, 'INDONESIA', 'BONDOWOSO', '0000-00-00', NULL, 'ODP', 'T', NULL, 'SITUBONDO', 'Batuk', 'Tidak', '0000-00-00', NULL, NULL, NULL, NULL, 22, 1, '2020-04-13 06:00:00', '2020-04-13 06:00:00', '1'),
(655, '2020-04-04', 'FAJAR YULIANTO', NULL, 23, 'L', 'PETUNG RT 05/02', 5, 'INDONESIA', 'BONDOWOSO', '0000-00-00', NULL, 'ODP', 'T', NULL, 'JEMBER', 'DEMAM,PILEK, ', 'Tidak', '0000-00-00', NULL, NULL, NULL, NULL, 15, 1, '2020-04-13 06:00:00', '2020-04-13 06:00:00', '1'),
(656, '2020-04-04', 'SINTA NURIYAH', NULL, 0, 'P', 'CURAHPOH RT03', 5, 'INDONESIA', 'BONDOWOSO', '0000-00-00', NULL, 'ODP', 'T', NULL, 'SITUBONDO', 'BATUK BERDAHAK', 'Tidak', '0000-00-00', NULL, NULL, NULL, NULL, 15, 1, '2020-04-13 06:00:00', '2020-04-13 06:00:00', '1'),
(657, '2020-04-04', 'NAINI AGUSTIN', NULL, 0, 'P', 'CURAHPOH RT07', 5, 'INDONESIA', 'BONDOWOSO', '0000-00-00', NULL, 'ODP', 'T', NULL, 'SITUBONDO', 'BATUK KERING', 'Tidak', '0000-00-00', NULL, NULL, NULL, NULL, 15, 1, '2020-04-13 06:00:00', '2020-04-13 06:00:00', '1'),
(658, '2020-04-04', 'SITI MUTMAINATUL', NULL, 0, 'P', 'SELOLEMBU RT 02', 5, 'INDONESIA', 'BONDOWOSO', '0000-00-00', NULL, 'ODP', 'T', NULL, 'SITUBONDO', 'PILEK', 'Tidak', '0000-00-00', NULL, NULL, NULL, NULL, 15, 1, '2020-04-13 06:00:00', '2020-04-13 06:00:00', '1'),
(659, '2020-04-04', 'AQIDATUL', NULL, 20, 'P', 'CURAHDAMI RT 10', 5, 'INDONESIA', 'BONDOWOSO', '0000-00-00', NULL, 'ODP', 'T', NULL, 'PROBOLINGGO', 'BATUK, PILEK', 'Tidak', '0000-00-00', NULL, NULL, NULL, NULL, 15, 1, '2020-04-13 06:00:00', '2020-04-13 06:00:00', '1'),
(660, '2020-04-04', 'FAINI', NULL, 23, 'L', 'CURAHPOH RT05', 5, 'INDONESIA', 'BONDOWOSO', '0000-00-00', NULL, 'ODP', 'T', NULL, 'BALI', 'DEMAM, BATUK, PILEK', 'Tidak', '0000-00-00', NULL, NULL, NULL, NULL, 15, 1, '2020-04-13 06:00:00', '2020-04-13 06:00:00', '1'),
(661, '2020-04-04', 'NUR HASANAH', NULL, 15, 'P', 'BERCAK Asri rt 14', 4, 'INDONESIA', 'BONDOWOSO', '0000-00-00', NULL, 'ODP', 'T', NULL, 'SITUBONDO', 'Batuk', 'Tidak', '0000-00-00', NULL, NULL, NULL, NULL, 24, 1, '2020-04-13 06:00:00', '2020-04-13 06:00:00', '1'),
(662, '2020-04-04', 'IRA NURUL ISNANIAYAH', NULL, 14, 'P', 'BERCAK rt 06', 4, 'INDONESIA', 'BONDOWOSO', '0000-00-00', NULL, 'ODP', 'T', NULL, 'SITUBONDO', 'Batuk', 'Tidak', '0000-00-00', NULL, NULL, NULL, NULL, 24, 1, '2020-04-13 06:00:00', '2020-04-13 06:00:00', '1'),
(663, '2020-04-04', 'FAIQOTUL H', NULL, 17, 'P', 'CERMEE rt 17', 4, 'INDONESIA', 'BONDOWOSO', '0000-00-00', NULL, 'ODP', 'T', NULL, 'SITUBONDO', ' Nyeri tenggorokan', 'Tidak', '0000-00-00', NULL, NULL, NULL, NULL, 24, 1, '2020-04-13 06:00:00', '2020-04-13 06:00:00', '1'),
(664, '2020-04-04', 'MILY DWI AYU N', NULL, 16, 'P', 'CERMEE rt 14', 4, 'INDONESIA', 'BONDOWOSO', '0000-00-00', NULL, 'ODP', 'T', NULL, 'SITUBONDO', 'Batuk', 'Tidak', '0000-00-00', NULL, NULL, NULL, NULL, 24, 1, '2020-04-13 06:00:00', '2020-04-13 06:00:00', '1'),
(665, '2020-04-04', 'LULUK UL MAKMUNA', NULL, 17, 'P', 'CERMEE rt 19b', 4, 'INDONESIA', 'BONDOWOSO', '0000-00-00', NULL, 'ODP', 'T', NULL, 'SITUBONDO', 'pilek', 'Tidak', '0000-00-00', NULL, NULL, NULL, NULL, 24, 1, '2020-04-13 06:00:00', '2020-04-13 06:00:00', '1'),
(666, '2020-04-04', 'BIINAYATIL MAULA', NULL, 18, 'P', 'CERMEE rt 18 a', 4, 'INDONESIA', 'BONDOWOSO', '0000-00-00', NULL, 'ODP', 'T', NULL, 'SITUBONDO', 'Nyeri tenggorokan', 'Tidak', '0000-00-00', NULL, NULL, NULL, NULL, 24, 1, '2020-04-13 06:00:00', '2020-04-13 06:00:00', '1'),
(667, '2020-04-04', 'FARHATIN NAFILAH', NULL, 17, 'P', 'CERMEE rt 17', 4, 'INDONESIA', 'BONDOWOSO', '0000-00-00', NULL, 'ODP', 'T', NULL, 'SITUBONDO', 'Nyeri tenggorokan', 'Tidak', '0000-00-00', NULL, NULL, NULL, NULL, 24, 1, '2020-04-13 06:00:00', '2020-04-13 06:00:00', '1'),
(668, '2020-04-04', 'RODIYATUL FADILAH', NULL, 16, 'P', 'CERMEE rt 07', 4, 'INDONESIA', 'BONDOWOSO', '0000-00-00', NULL, 'ODP', 'T', NULL, 'SITUBONDO', 'Batuk', 'Tidak', '0000-00-00', NULL, NULL, NULL, NULL, 24, 1, '2020-04-13 06:00:00', '2020-04-13 06:00:00', '1'),
(669, '2020-04-04', 'KHOLDIAH NURIL H', NULL, 15, 'P', 'CERMEE rt 23', 4, 'INDONESIA', 'BONDOWOSO', '0000-00-00', NULL, 'ODP', 'T', NULL, 'SITUBONDO', 'Batuk', 'Tidak', '0000-00-00', NULL, NULL, NULL, NULL, 24, 1, '2020-04-13 06:00:00', '2020-04-13 06:00:00', '1'),
(670, '2020-04-04', 'SITI NUR FAUZIYAH', NULL, 16, 'P', 'CERMEE rt 14', 4, 'INDONESIA', 'BONDOWOSO', '0000-00-00', NULL, 'ODP', 'T', NULL, 'SITUBONDO', 'pilek', 'Tidak', '0000-00-00', NULL, NULL, NULL, NULL, 24, 1, '2020-04-13 06:00:00', '2020-04-13 06:00:00', '1'),
(671, '2020-04-04', 'SITI AISYAH', NULL, 20, 'P', 'KALADI CANDU', 4, 'INDONESIA', 'BONDOWOSO', '0000-00-00', NULL, 'ODP', 'T', NULL, 'SITUBONDO', 'Batuk', 'Tidak', '0000-00-00', NULL, NULL, NULL, NULL, 24, 1, '2020-04-13 06:00:00', '2020-04-13 06:00:00', '1'),
(672, '2020-04-04', 'AISYAH DWI R', NULL, 19, 'P', 'RAMBAN KULON Rt 09', 4, 'INDONESIA', 'BONDOWOSO', '0000-00-00', NULL, 'ODP', 'T', NULL, 'SITUBONDO', 'Panas Batuk Pilek ( 39 )', 'Tidak', '0000-00-00', NULL, NULL, NULL, NULL, 24, 1, '2020-04-13 06:00:00', '2020-04-13 06:00:00', '1'),
(673, '2020-04-04', 'WARDATUL WIDAD', NULL, 18, 'P', 'RAMBAN WETAN ', 4, 'INDONESIA', 'BONDOWOSO', '0000-00-00', NULL, 'ODP', 'T', NULL, 'SITUBONDO', 'Batuk', 'Tidak', '0000-00-00', NULL, NULL, NULL, NULL, 24, 1, '2020-04-13 06:00:00', '2020-04-13 06:00:00', '1'),
(674, '2020-04-04', 'NUR AINI H', NULL, 18, 'P', 'SULING KULON Rt 11', 4, 'INDONESIA', 'BONDOWOSO', '0000-00-00', NULL, 'ODP', 'T', NULL, 'SITUBONDO', 'Batuk', 'Tidak', '0000-00-00', NULL, NULL, NULL, NULL, 24, 1, '2020-04-13 06:00:00', '2020-04-13 06:00:00', '1'),
(675, '2020-04-04', 'Ifan Fauzi', NULL, 21, 'L', 'Ramban Kulon Rt 01', 4, 'INDONESIA', 'BONDOWOSO', '0000-00-00', NULL, 'ODP', 'T', NULL, 'SITUBONDO', 'Panas, Batuk', 'Tidak', '0000-00-00', NULL, NULL, NULL, NULL, 24, 1, '2020-04-13 06:00:00', '2020-04-13 06:00:00', '1'),
(676, '2020-04-04', 'Pak ana/Nihari', NULL, 40, 'L', 'Pasarejo', 22, 'INDONESIA', 'BONDOWOSO', '0000-00-00', NULL, 'ODP', 'T', NULL, 'BALI', 'panas, sesak', 'Tidak', '0000-00-00', NULL, NULL, NULL, NULL, 10, 1, '2020-04-13 06:00:00', '2020-04-13 06:00:00', '1'),
(677, '2020-04-04', 'MA\'RIFA ILA', NULL, 17, 'P', 'TANGSIL WETAN', 22, 'INDONESIA', 'BONDOWOSO', '0000-00-00', NULL, 'ODP', 'T', NULL, 'SITUBONDO', 'PANAS, BATUK PILEK', 'Tidak', '0000-00-00', NULL, NULL, NULL, NULL, 10, 1, '2020-04-13 06:00:00', '2020-04-13 06:00:00', '1'),
(678, '2020-04-04', 'ILYATUT TAKIYA', NULL, 18, 'P', 'TANGSIL WETAN', 22, 'INDONESIA', 'BONDOWOSO', '0000-00-00', NULL, 'ODP', 'T', NULL, 'SITUBONDO', 'PANAS, BATUK PILEK', 'Tidak', '0000-00-00', NULL, NULL, NULL, NULL, 10, 1, '2020-04-13 06:00:00', '2020-04-13 06:00:00', '1'),
(679, '2020-04-04', 'SYAHILA', NULL, 18, 'P', 'GLIDUNG', 22, 'INDONESIA', 'BONDOWOSO', '0000-00-00', NULL, 'ODP', 'T', NULL, 'SITUBONDO', 'PANAS, BATUK PILEK', 'Tidak', '0000-00-00', NULL, NULL, NULL, NULL, 10, 1, '2020-04-13 06:00:00', '2020-04-13 06:00:00', '1'),
(680, '2020-04-04', 'INTAN SYAFIRA', NULL, 17, 'P', 'TANGSIL WETAN', 22, 'INDONESIA', 'BONDOWOSO', '0000-00-00', NULL, 'ODP', 'T', NULL, 'SITUBONDO', 'PANAS, BATUK PILEK', 'Tidak', '0000-00-00', NULL, NULL, NULL, NULL, 10, 1, '2020-04-13 06:00:00', '2020-04-13 06:00:00', '1'),
(681, '2020-04-04', 'ELOK WALFAIQOH', NULL, 17, 'P', 'KAPORAN', 22, 'INDONESIA', 'BONDOWOSO', '0000-00-00', NULL, 'ODP', 'T', NULL, 'SITUBONDO', 'PANAS, BATUK PILEK', 'Tidak', '0000-00-00', NULL, NULL, NULL, NULL, 10, 1, '2020-04-13 06:00:00', '2020-04-13 06:00:00', '1'),
(682, '2020-04-04', 'ANA MAGFIROH', NULL, 17, 'P', 'PASAREJO', 22, 'INDONESIA', 'BONDOWOSO', '0000-00-00', NULL, 'ODP', 'T', NULL, 'SITUBONDO', 'PANAS, BATUK PILEK', 'Tidak', '0000-00-00', NULL, NULL, NULL, NULL, 10, 1, '2020-04-13 06:00:00', '2020-04-13 06:00:00', '1'),
(683, '2020-04-04', 'RAUDATUZ ZAHRO', NULL, 18, 'P', 'TANGSIL WETAN', 22, 'INDONESIA', 'BONDOWOSO', '0000-00-00', NULL, 'ODP', 'T', NULL, 'SITUBONDO', 'PANAS, BATUK PILEK', 'Tidak', '0000-00-00', NULL, NULL, NULL, NULL, 10, 1, '2020-04-13 06:00:00', '2020-04-13 06:00:00', '1'),
(684, '2020-04-04', 'AMBAR NADIMATUS', NULL, 17, 'P', 'KAPURAN', 22, 'INDONESIA', 'BONDOWOSO', '0000-00-00', NULL, 'ODP', 'T', NULL, 'SITUBONDO', 'PANAS, BATUK PILEK', 'Tidak', '0000-00-00', NULL, NULL, NULL, NULL, 10, 1, '2020-04-13 06:00:00', '2020-04-13 06:00:00', '1'),
(685, '2020-04-04', 'MUSYARROFAH', NULL, 17, 'P', 'SUMBER KALONG', 22, 'INDONESIA', 'BONDOWOSO', '0000-00-00', NULL, 'ODP', 'T', NULL, 'SITUBONDO', 'PANAS, BATUK PILEK', 'Tidak', '0000-00-00', NULL, NULL, NULL, NULL, 10, 1, '2020-04-13 06:00:00', '2020-04-13 06:00:00', '1'),
(686, '2020-04-04', 'IKA SUKMAWATI', NULL, 18, 'P', 'LOMBOK WETAN', 22, 'INDONESIA', 'BONDOWOSO', '0000-00-00', NULL, 'ODP', 'T', NULL, 'SITUBONDO', 'PANAS, BATUK PILEK', 'Tidak', '0000-00-00', NULL, NULL, NULL, NULL, 10, 1, '2020-04-13 06:00:00', '2020-04-13 06:00:00', '1'),
(687, '2020-04-04', 'UMAIDATUS SOLIHAH', NULL, 17, 'P', 'BONDOARUM', 22, 'INDONESIA', 'BONDOWOSO', '0000-00-00', NULL, 'ODP', 'T', NULL, 'SITUBONDO', 'PANAS, BATUK PILEK', 'Tidak', '0000-00-00', NULL, NULL, NULL, NULL, 10, 1, '2020-04-13 06:00:00', '2020-04-13 06:00:00', '1'),
(688, '2020-04-04', 'EVA FAUZIAH R', NULL, 18, 'P', 'PLALANGAN', 22, 'INDONESIA', 'BONDOWOSO', '0000-00-00', NULL, 'ODP', 'T', NULL, 'SITUBONDO', 'PANAS, BATUK PILEK', 'Tidak', '0000-00-00', NULL, NULL, NULL, NULL, 10, 1, '2020-04-13 06:00:00', '2020-04-13 06:00:00', '1'),
(689, '2020-04-04', 'FIKA AMALIA', NULL, 18, 'P', 'PASAREJO', 22, 'INDONESIA', 'BONDOWOSO', '0000-00-00', NULL, 'ODP', 'T', NULL, 'SITUBONDO', 'PANAS, BATUK PILEK', 'Tidak', '0000-00-00', NULL, NULL, NULL, NULL, 10, 1, '2020-04-13 06:00:00', '2020-04-13 06:00:00', '1'),
(690, '2020-04-04', 'RAIHANATUL UMMAH', NULL, 17, 'P', 'TANGSIL WETAN', 22, 'INDONESIA', 'BONDOWOSO', '0000-00-00', NULL, 'ODP', 'T', NULL, 'SITUBONDO', 'PANAS, BATUK PILEK', 'Tidak', '0000-00-00', NULL, NULL, NULL, NULL, 10, 1, '2020-04-13 06:00:00', '2020-04-13 06:00:00', '1'),
(691, '2020-04-04', 'FAJRIN ALFINA', NULL, 17, 'P', 'TRAKTAKAN', 22, 'INDONESIA', 'BONDOWOSO', '0000-00-00', NULL, 'ODP', 'T', NULL, 'SITUBONDO', 'PANAS, BATUK PILEK', 'Tidak', '0000-00-00', NULL, NULL, NULL, NULL, 10, 1, '2020-04-13 06:00:00', '2020-04-13 06:00:00', '1'),
(692, '2020-04-04', 'DITA NUR KHOLISOH', NULL, 17, 'P', 'PASAREJO', 22, 'INDONESIA', 'BONDOWOSO', '0000-00-00', NULL, 'ODP', 'T', NULL, 'SITUBONDO', 'PANAS, BATUK PILEK', 'Tidak', '0000-00-00', NULL, NULL, NULL, NULL, 10, 1, '2020-04-13 06:00:00', '2020-04-13 06:00:00', '1'),
(693, '2020-04-04', 'MELIANA MAHFUDA', NULL, 18, 'P', 'KAPORAN', 22, 'INDONESIA', 'BONDOWOSO', '0000-00-00', NULL, 'ODP', 'T', NULL, 'SITUBONDO', 'PANAS, BATUK PILEK', 'Tidak', '0000-00-00', NULL, NULL, NULL, NULL, 10, 1, '2020-04-13 06:00:00', '2020-04-13 06:00:00', '1'),
(694, '2020-04-04', 'BAHERATUN NAJAH', NULL, 17, 'P', 'TANGSIL WETAN', 22, 'INDONESIA', 'BONDOWOSO', '0000-00-00', NULL, 'ODP', 'T', NULL, 'SITUBONDO', 'PANAS, BATUK PILEK', 'Tidak', '0000-00-00', NULL, NULL, NULL, NULL, 10, 1, '2020-04-13 06:00:00', '2020-04-13 06:00:00', '1'),
(695, '2020-04-04', 'REFI NURIL MAKRIFAH', NULL, 17, 'P', 'TANGSIL WETAN', 22, 'INDONESIA', 'BONDOWOSO', '0000-00-00', NULL, 'ODP', 'T', NULL, 'SITUBONDO', 'PANAS, BATUK PILEK', 'Tidak', '0000-00-00', NULL, NULL, NULL, NULL, 10, 1, '2020-04-13 06:00:00', '2020-04-13 06:00:00', '1'),
(696, '2020-04-04', 'GITA IRANI FS', NULL, 18, 'P', 'TANGSIL WETAN', 22, 'INDONESIA', 'BONDOWOSO', '0000-00-00', NULL, 'ODP', 'T', NULL, 'SITUBONDO', 'PANAS, BATUK PILEK', 'Tidak', '0000-00-00', NULL, NULL, NULL, NULL, 10, 1, '2020-04-13 06:00:00', '2020-04-13 06:00:00', '1'),
(697, '2020-04-04', 'ULIL HIMAMIL A.', NULL, 17, 'P', 'TANGSIL WETAN', 22, 'INDONESIA', 'BONDOWOSO', '0000-00-00', NULL, 'ODP', 'T', NULL, 'SITUBONDO', 'PANAS, BATUK PILEK', 'Tidak', '0000-00-00', NULL, NULL, NULL, NULL, 10, 1, '2020-04-13 06:00:00', '2020-04-13 06:00:00', '1'),
(698, '2020-04-01', 'M SAIFUL', NULL, 20, 'L', 'SUMBER TENGAH', 1, 'INDONESIA', 'BONDOWOSO', '0000-00-00', NULL, 'ODP', 'T', NULL, 'SITUBONDO', 'DEMAM,BATUK', 'Tidak', '0000-00-00', NULL, NULL, NULL, NULL, 16, 1, '2020-04-13 06:00:00', '2020-04-13 06:00:00', '1'),
(699, '2020-04-01', 'M SAIFULLAH', NULL, 13, 'L', 'SUMBER TENGAH', 1, 'INDONESIA', 'BONDOWOSO', '0000-00-00', NULL, 'ODP', 'T', NULL, 'SITUBONDO', 'DEMAM,BATUK', 'Tidak', '0000-00-00', NULL, NULL, NULL, NULL, 16, 1, '2020-04-13 06:00:00', '2020-04-13 06:00:00', '1'),
(700, '2020-04-01', 'TIA MASRUROH', NULL, 13, 'P', 'SUMBER WARU ', 1, 'INDONESIA', 'BONDOWOSO', '0000-00-00', NULL, 'ODP', 'T', NULL, 'SITUBONDO', 'BATUK,PILEK', 'Tidak', '0000-00-00', NULL, NULL, NULL, NULL, 16, 1, '2020-04-13 06:00:00', '2020-04-13 06:00:00', '1'),
(701, '2020-04-02', 'M AINUL YAQIN', NULL, 17, 'L', 'SUMBER TENGAH', 1, 'INDONESIA', 'BONDOWOSO', '0000-00-00', NULL, 'ODP', 'T', NULL, 'JEMBER', 'BATUK,PILEK', 'Tidak', '0000-00-00', NULL, NULL, NULL, NULL, 16, 1, '2020-04-13 06:00:00', '2020-04-13 06:00:00', '1'),
(702, '2020-04-03', 'MURNIATI', NULL, 30, 'P', 'SUMBER TENGAH', 1, 'INDONESIA', 'BONDOWOSO', '0000-00-00', NULL, 'ODP', 'T', NULL, 'SITUBONDO', 'BATUK,PILEK', 'Tidak', '0000-00-00', NULL, NULL, NULL, NULL, 16, 1, '2020-04-13 06:00:00', '2020-04-13 06:00:00', '1'),
(703, '2020-04-03', 'BY. ADELIA', NULL, 18, 'P', 'SUMBER TENGAH', 1, 'INDONESIA', 'BONDOWOSO', '0000-00-00', NULL, 'ODP', 'T', NULL, 'SITUBONDO', 'BATUK,PILEK', 'Tidak', '0000-00-00', NULL, NULL, NULL, NULL, 16, 1, '2020-04-13 06:00:00', '2020-04-13 06:00:00', '1'),
(704, '2020-04-03', 'BASRI', NULL, 58, 'L', 'BENDELAN', 1, 'INDONESIA', 'BONDOWOSO', '0000-00-00', NULL, 'ODP', 'T', NULL, 'BALI', 'BATUK,PILEK', 'Tidak', '0000-00-00', NULL, NULL, NULL, NULL, 16, 1, '2020-04-13 06:00:00', '2020-04-13 06:00:00', '1'),
(705, '2020-04-03', 'RAHEM', NULL, 56, 'L', 'BENDELAN', 1, 'INDONESIA', 'BONDOWOSO', '0000-00-00', NULL, 'ODP', 'T', NULL, 'BALI', 'BATUK', 'Tidak', '0000-00-00', NULL, NULL, NULL, NULL, 16, 1, '2020-04-13 06:00:00', '2020-04-13 06:00:00', '1'),
(706, '2020-04-04', 'YULIANTIN', NULL, 17, 'P', 'BENDELAN', 1, 'INDONESIA', 'BONDOWOSO', '0000-00-00', NULL, 'ODP', 'T', NULL, 'SITUBONDO', 'BATUK', 'Tidak', '0000-00-00', NULL, NULL, NULL, NULL, 16, 1, '2020-04-13 06:00:00', '2020-04-13 06:00:00', '1'),
(707, '2020-03-28', 'Dina Nofita Apriliyawati', NULL, 24, 'P', 'Mrawan', 18, 'INDONESIA', 'BONDOWOSO', '0000-00-00', NULL, 'ODP', 'T', NULL, 'SITUBONDO', NULL, 'Tidak', '0000-00-00', NULL, NULL, NULL, NULL, 9, 1, '2020-04-13 06:00:00', '2020-04-13 06:00:00', '1'),
(708, '2020-04-01', 'ivo adi wibowo', NULL, 16, 'L', 'Jurangsapi', 18, 'INDONESIA', 'BONDOWOSO', '0000-00-00', NULL, 'ODP', 'T', NULL, 'SITUBONDO', NULL, 'Tidak', '0000-00-00', NULL, NULL, NULL, NULL, 9, 1, '2020-04-13 06:00:00', '2020-04-13 06:00:00', '1'),
(709, '2020-04-01', 'Moh Hadi', NULL, 15, 'L', 'Jurangsapi', 18, 'INDONESIA', 'BONDOWOSO', '0000-00-00', NULL, 'ODP', 'T', NULL, 'SITUBONDO', NULL, 'Tidak', '0000-00-00', NULL, NULL, NULL, NULL, 9, 1, '2020-04-13 06:00:00', '2020-04-13 06:00:00', '1'),
(710, '2020-04-01', 'Moh Aldian', NULL, 16, 'L', 'Taal', 18, 'INDONESIA', 'BONDOWOSO', '0000-00-00', NULL, 'ODP', 'T', NULL, 'SITUBONDO', NULL, 'Tidak', '0000-00-00', NULL, NULL, NULL, NULL, 9, 1, '2020-04-13 06:00:00', '2020-04-13 06:00:00', '1'),
(711, '2020-04-01', 'Khoirul Umam', NULL, 15, 'L', 'Mrawan', 18, 'INDONESIA', 'BONDOWOSO', '0000-00-00', NULL, 'ODP', 'T', NULL, 'SITUBONDO', NULL, 'Tidak', '0000-00-00', NULL, NULL, NULL, NULL, 9, 1, '2020-04-13 06:00:00', '2020-04-13 06:00:00', '1'),
(712, '2020-04-01', 'M. Kholil Agil', NULL, 15, 'L', 'Taal', 18, 'INDONESIA', 'BONDOWOSO', '0000-00-00', NULL, 'ODP', 'T', NULL, 'SITUBONDO', NULL, 'Tidak', '0000-00-00', NULL, NULL, NULL, NULL, 9, 1, '2020-04-13 06:00:00', '2020-04-13 06:00:00', '1'),
(713, '2020-04-04', 'Reta Fachrotul', NULL, 15, 'P', 'Tapen', 18, 'INDONESIA', 'BONDOWOSO', '0000-00-00', NULL, 'ODP', 'T', NULL, 'SITUBONDO', NULL, 'Tidak', '0000-00-00', NULL, NULL, NULL, NULL, 9, 1, '2020-04-13 06:00:00', '2020-04-13 06:00:00', '1'),
(714, '2020-04-04', 'Riskiatul', NULL, 15, 'P', 'Kalitapen', 18, 'INDONESIA', 'BONDOWOSO', '0000-00-00', NULL, 'ODP', 'T', NULL, 'SITUBONDO', NULL, 'Tidak', '0000-00-00', NULL, NULL, NULL, NULL, 9, 1, '2020-04-13 06:00:00', '2020-04-13 06:00:00', '1'),
(715, '2020-04-04', 'Anisa Midi Unsila', NULL, 15, 'P', 'Lengkong Tapen', 18, 'INDONESIA', 'BONDOWOSO', '0000-00-00', NULL, 'ODP', 'T', NULL, 'SITUBONDO', NULL, 'Tidak', '0000-00-00', NULL, NULL, NULL, NULL, 9, 1, '2020-04-13 06:00:00', '2020-04-13 06:00:00', '1'),
(716, '2020-04-05', 'M. RAZAK', NULL, 7, 'L', 'KOTAKULON RT. 06', 2, 'INDONESIA', 'BONDOWOSO', '0000-00-00', NULL, 'ODP', 'T', NULL, 'BALI', NULL, 'Tidak', '0000-00-00', NULL, NULL, NULL, NULL, 13, 1, '2020-04-13 06:00:00', '2020-04-13 06:00:00', '1'),
(717, '2020-04-05', 'RIO', NULL, 0, 'L', 'KOTAKULON RT. 06', 2, 'INDONESIA', 'BONDOWOSO', '0000-00-00', NULL, 'ODP', 'T', NULL, 'BALI', NULL, 'Tidak', '0000-00-00', NULL, NULL, NULL, NULL, 13, 1, '2020-04-13 06:00:00', '2020-04-13 06:00:00', '1'),
(718, '2020-04-05', 'YOAN FAUZIAH', NULL, 16, 'P', 'BLINDUNGAN RT. 14', 2, 'INDONESIA', 'BONDOWOSO', '0000-00-00', NULL, 'ODP', 'T', NULL, 'SITUBONDO', NULL, 'Tidak', '0000-00-00', NULL, NULL, NULL, NULL, 13, 1, '2020-04-13 06:00:00', '2020-04-13 06:00:00', '1'),
(719, '2020-04-05', 'MOH. ALI FAHMI', NULL, 5, 'L', 'SELOLEMBU RT 07', 5, 'INDONESIA', 'BONDOWOSO', '0000-00-00', NULL, 'ODP', 'T', NULL, 'PASURUAN', 'DEMAM , BATUK', 'Tidak', '0000-00-00', NULL, NULL, NULL, NULL, 15, 1, '2020-04-13 06:00:00', '2020-04-13 06:00:00', '1'),
(720, '2020-04-02', 'HELMI MABRUR MASHUDI', NULL, 18, 'L', 'PANDAK RT 01', 8, 'INDONESIA', 'BONDOWOSO', '0000-00-00', NULL, 'ODP', 'T', NULL, 'PASURUAN', 'PANAS', 'Tidak', '0000-00-00', NULL, NULL, NULL, NULL, 25, 1, '2020-04-13 06:00:00', '2020-04-13 06:00:00', '1'),
(721, '2020-04-05', 'MUJANI', NULL, 73, 'P', 'SUMBERSUKO RT 01', 8, 'INDONESIA', 'BONDOWOSO', '0000-00-00', NULL, 'ODP', 'T', NULL, 'JAKARTA', 'BATUK, SESAK NYERI TENGGORKAN', 'Tidak', '0000-00-00', NULL, NULL, NULL, NULL, 25, 1, '2020-04-13 06:00:00', '2020-04-13 06:00:00', '1'),
(722, '2020-04-03', 'RAJWA', NULL, 15, 'P', 'BADEAN RT 5 RW 1', 2, 'INDONESIA', 'BONDOWOSO', '0000-00-00', NULL, 'ODP', 'T', NULL, 'MALANG', 'BATUK, SESAK', 'Tidak', '0000-00-00', NULL, NULL, NULL, NULL, 12, 1, '2020-04-13 06:00:00', '2020-04-13 06:00:00', '1'),
(723, '2020-04-05', 'DESTINA', NULL, 14, 'P', 'JL. ABDUL WAHID RT 8 RW 6', 2, 'INDONESIA', 'BONDOWOSO', '0000-00-00', NULL, 'ODP', 'T', NULL, 'SITUBONDO', 'BATUK, PILEK', 'Tidak', '0000-00-00', NULL, NULL, NULL, NULL, 12, 1, '2020-04-13 06:00:00', '2020-04-13 06:00:00', '1'),
(724, '2020-04-06', 'HALIM', NULL, 60, 'L', 'KAMPUNG HAJI RT.06 RW.02', 20, 'INDONESIA', 'BONDOWOSO', '0000-00-00', NULL, 'ODP', 'T', NULL, 'BALI', 'BATUK', 'Tidak', '0000-00-00', NULL, NULL, NULL, NULL, 11, 1, '2020-04-13 06:00:00', '2020-04-13 06:00:00', '1'),
(725, '2020-04-06', 'HATIPA', NULL, 50, 'P', 'KAMPUNG HAJI RT.06 RW.02', 20, 'INDONESIA', 'BONDOWOSO', '0000-00-00', NULL, 'ODP', 'T', NULL, 'BALI', 'BATUK,PANAS,SESAK', 'Tidak', '0000-00-00', NULL, NULL, NULL, NULL, 11, 1, '2020-04-13 06:00:00', '2020-04-13 06:00:00', '1'),
(726, '2020-04-06', 'WAHYUDI', NULL, 37, 'L', 'GENTONG', 16, 'INDONESIA', 'BONDOWOSO', '0000-00-00', NULL, 'ODP', 'T', NULL, 'BALI', 'BATUK', 'Tidak', '0000-00-00', NULL, NULL, NULL, NULL, 20, 1, '2020-04-13 06:00:00', '2020-04-13 06:00:00', '1'),
(727, '2020-04-05', 'devita nurul hafia', NULL, 19, 'P', 'kampung baru ', 13, 'INDONESIA', 'BONDOWOSO', '0000-00-00', NULL, 'ODP', 'T', NULL, 'SITUBONDO', 'Pilek', 'Tidak', '0000-00-00', NULL, NULL, NULL, NULL, 21, 1, '2020-04-13 06:00:00', '2020-04-13 06:00:00', '1'),
(728, '2020-04-05', 'fitriatul haqiqi', NULL, 19, 'P', 'plalangan ', 13, 'INDONESIA', 'BONDOWOSO', '0000-00-00', NULL, 'ODP', 'T', NULL, 'SITUBONDO', 'Batuk 3 Hari', 'Tidak', '0000-00-00', NULL, NULL, NULL, NULL, 21, 1, '2020-04-13 06:00:00', '2020-04-13 06:00:00', '1'),
(729, '2020-04-05', 'luluk komariyah', NULL, 19, 'P', 'kalisat', 13, 'INDONESIA', 'BONDOWOSO', '0000-00-00', NULL, 'ODP', 'T', NULL, 'SITUBONDO', 'Batuk Pilek', 'Tidak', '0000-00-00', NULL, NULL, NULL, NULL, 21, 1, '2020-04-13 06:00:00', '2020-04-13 06:00:00', '1'),
(730, '2020-04-05', 'priska alia p', NULL, 15, 'P', 'rejo mulio', 13, 'INDONESIA', 'BONDOWOSO', '0000-00-00', NULL, 'ODP', 'T', NULL, 'SITUBONDO', 'Batuk', 'Tidak', '0000-00-00', NULL, NULL, NULL, NULL, 21, 1, '2020-04-13 06:00:00', '2020-04-13 06:00:00', '1'),
(731, '2020-04-05', 'safina camelia p', NULL, 16, 'P', 'sempol ', 13, 'INDONESIA', 'BONDOWOSO', '0000-00-00', NULL, 'ODP', 'T', NULL, 'SITUBONDO', 'Pilek', 'Tidak', '0000-00-00', NULL, NULL, NULL, NULL, 21, 1, '2020-04-13 06:00:00', '2020-04-13 06:00:00', '1'),
(732, '2020-04-05', 'ummi safitri', NULL, 17, 'P', 'plalangan ', 13, 'INDONESIA', 'BONDOWOSO', '0000-00-00', NULL, 'ODP', 'T', NULL, 'SITUBONDO', 'Batuk', 'Tidak', '0000-00-00', NULL, NULL, NULL, NULL, 21, 1, '2020-04-13 06:00:00', '2020-04-13 06:00:00', '1'),
(733, '2020-04-05', 'veni isnaini', NULL, 14, 'P', 'jampit ', 13, 'INDONESIA', 'BONDOWOSO', '0000-00-00', NULL, 'ODP', 'T', NULL, 'SITUBONDO', 'Batuk', 'Tidak', '0000-00-00', NULL, NULL, NULL, NULL, 21, 1, '2020-04-13 06:00:00', '2020-04-13 06:00:00', '1'),
(734, '2020-04-01', 'Adelia', NULL, 16, 'P', 'Kampung Baru', 13, 'INDONESIA', 'BONDOWOSO', '0000-00-00', NULL, 'ODP', 'T', NULL, 'SITUBONDO', 'batuk, tenggorokan gatal', 'Tidak', '0000-00-00', NULL, NULL, NULL, NULL, 21, 1, '2020-04-13 06:00:00', '2020-04-13 06:00:00', '1'),
(735, '2020-04-04', 'INAYATUL R', NULL, 20, 'P', 'KEMIRIAN', 17, 'INDONESIA', 'BONDOWOSO', '0000-00-00', NULL, 'ODP', 'T', NULL, 'SITUBONDO', 'S: 38,2 PILEK 1 HARI, NYERI TENGGOROKAN 2 HARI', 'Tidak', '0000-00-00', NULL, NULL, NULL, NULL, 3, 1, '2020-04-13 06:00:00', '2020-04-13 06:00:00', '1'),
(736, '2020-04-04', 'ABEL', NULL, 16, 'P', 'KEMIRIAN RT 1', 17, 'INDONESIA', 'BONDOWOSO', '0000-00-00', NULL, 'ODP', 'T', NULL, 'SITUBONDO', 'S: 36,8 BAPIL 1 MINGGU', 'Tidak', '0000-00-00', NULL, NULL, NULL, NULL, 3, 1, '2020-04-13 06:00:00', '2020-04-13 06:00:00', '1'),
(737, '2020-04-04', 'ZAINIA K', NULL, 14, 'P', 'KALIANYAR', 17, 'INDONESIA', 'BONDOWOSO', '0000-00-00', NULL, 'ODP', 'T', NULL, 'SITUBONDO', 'S: 37 BATUK 2 HARI', 'Tidak', '0000-00-00', NULL, NULL, NULL, NULL, 3, 1, '2020-04-13 06:00:00', '2020-04-13 06:00:00', '1'),
(738, '2020-04-04', 'ANI LESTARI', NULL, 15, 'P', 'TAMANAN BARAT ', 17, 'INDONESIA', 'BONDOWOSO', '0000-00-00', NULL, 'ODP', 'T', NULL, 'SITUBONDO', 'S: 37,9 BATUK 1 MINGGU', 'Tidak', '0000-00-00', NULL, NULL, NULL, NULL, 3, 1, '2020-04-13 06:00:00', '2020-04-13 06:00:00', '1'),
(739, '2020-04-04', 'SUAIBATUL IFTITAH', NULL, 17, 'P', 'KEMIRIAN', 17, 'INDONESIA', 'BONDOWOSO', '0000-00-00', NULL, 'ODP', 'T', NULL, 'SITUBONDO', 'S: 37,6 BATUK 2 HARI', 'Tidak', '0000-00-00', NULL, NULL, NULL, NULL, 3, 1, '2020-04-13 06:00:00', '2020-04-13 06:00:00', '1'),
(740, '2020-04-04', 'SOENARJATUN', NULL, 73, 'P', 'KEMUNING RT 29/7', 17, 'INDONESIA', 'BONDOWOSO', '0000-00-00', NULL, 'ODP', 'T', NULL, 'BALI', 'S: 39', 'Tidak', '0000-00-00', NULL, NULL, NULL, NULL, 3, 1, '2020-04-13 06:00:00', '2020-04-13 06:00:00', '1'),
(741, '2020-04-01', 'yustina', NULL, 24, 'P', 'Suling wetan rt 01', 4, 'INDONESIA', 'BONDOWOSO', '0000-00-00', NULL, 'ODP', 'T', NULL, 'SITUBONDO', 'batuk, pilek', 'Tidak', '0000-00-00', NULL, NULL, NULL, NULL, 24, 1, '2020-04-13 06:00:00', '2020-04-13 06:00:00', '1'),
(742, '2020-04-03', 'busiye', NULL, 21, 'P', 'suling wetan rt 17', 4, 'INDONESIA', 'BONDOWOSO', '0000-00-00', NULL, 'ODP', 'T', NULL, 'Surabaya', 'batuk, pilek', 'Tidak', '0000-00-00', NULL, NULL, NULL, NULL, 24, 1, '2020-04-13 06:00:00', '2020-04-13 06:00:00', '1'),
(743, '2020-03-31', 'tohani', NULL, 23, 'L', 'suling wetan rt 17', 4, 'INDONESIA', 'BONDOWOSO', '0000-00-00', NULL, 'ODP', 'T', NULL, 'Surabaya', 'panas, batuk, pilek, nyeri telan', 'Tidak', '0000-00-00', NULL, NULL, NULL, NULL, 24, 1, '2020-04-13 06:00:00', '2020-04-13 06:00:00', '1'),
(744, '2020-04-06', 'FADLILAH', NULL, 30, 'L', 'PELALANGAN', 22, 'INDONESIA', 'BONDOWOSO', '0000-00-00', NULL, 'ODP', 'T', NULL, 'SURABAYA', 'PANAS, BATUK PILEK', 'Tidak', '0000-00-00', NULL, NULL, NULL, NULL, 10, 1, '2020-04-13 06:00:00', '2020-04-13 06:00:00', '1'),
(745, '2020-04-02', 'M. ANWAR', NULL, 15, 'L', 'DADAPAN RT 25', 6, 'INDONESIA', 'BONDOWOSO', '0000-00-00', NULL, 'ODP', 'T', NULL, 'KEDIRI', 'BATUK, PILEK', 'Tidak', '0000-00-00', NULL, NULL, NULL, NULL, 2, 1, '2020-04-13 06:00:00', '2020-04-13 06:00:00', '1');
INSERT INTO `kumulatif` (`id`, `tgl_awal_pe`, `nama`, `nik`, `usia`, `gender`, `alamat`, `kecamatan_id`, `kebangsaan`, `kab_asal`, `tgl_mulai_sakit`, `gejala`, `kriteria_kasus`, `dirawat_di_rs`, `rs_yg_merawat`, `faktor_resiko`, `diagnosis`, `ambil_spesimen`, `tgl_ambil_spesimen`, `lab_pemeriksa`, `no_rm`, `hasil_pemeriksaan`, `keterangan`, `puskesmas_id`, `user_id`, `created_at`, `updated_at`, `status`) VALUES
(746, '2020-04-02', 'NURHALIMAH', NULL, 23, 'P', 'DADAPAN RT 25', 6, 'INDONESIA', 'BONDOWOSO', '0000-00-00', NULL, 'ODP', 'T', NULL, 'KEDIRI', 'BATUK, PILEK', 'Tidak', '0000-00-00', NULL, NULL, NULL, NULL, 2, 1, '2020-04-13 06:00:00', '2020-04-13 06:00:00', '1'),
(747, '2020-04-07', 'GUNCORO', NULL, 37, 'L', 'SUMBER PANDAN RT 13', 6, 'INDONESIA', 'BONDOWOSO', '0000-00-00', NULL, 'ODP', 'T', NULL, 'SITUBONDO', 'DEMAM,BATUK,PILEK', 'Tidak', '0000-00-00', NULL, NULL, NULL, NULL, 2, 1, '2020-04-13 06:00:00', '2020-04-13 06:00:00', '1'),
(748, '2020-04-07', 'MOCH. AINUR R', NULL, 16, 'L', 'TEGAL MIJIN RT 19', 6, 'INDONESIA', 'BONDOWOSO', '0000-00-00', NULL, 'ODP', 'T', NULL, 'SITUBONDO', 'PUSING, DIARE, DEMAM', 'Tidak', '0000-00-00', NULL, NULL, NULL, NULL, 2, 1, '2020-04-13 06:00:00', '2020-04-13 06:00:00', '1'),
(749, '2020-04-07', 'BUNOTO HERLIANTO', NULL, 39, 'L', 'NOGOSARI RT 11', 14, 'INDONESIA', 'BONDOWOSO', '0000-00-00', NULL, 'ODP', 'T', NULL, 'BALI', 'BATUK', 'Tidak', '0000-00-00', NULL, NULL, NULL, NULL, 7, 1, '2020-04-13 06:00:00', '2020-04-13 06:00:00', '1'),
(750, '2020-04-05', 'M. Rifa Candra R', NULL, 14, 'L', 'Bandilan Rt 3 Rw 2', 11, 'INDONESIA', 'Bondowowo', '0000-00-00', NULL, 'ODP', 'T', NULL, 'SITUBONDO', 'Batuk', 'Tidak', '0000-00-00', NULL, NULL, NULL, NULL, 23, 1, '2020-04-13 06:00:00', '2020-04-13 06:00:00', '1'),
(751, '2020-04-01', 'SARAH', NULL, 50, 'P', 'Jambesari RT 7', 7, 'INDONESIA', 'BONDOWOSO', '0000-00-00', NULL, 'ODP', 'T', NULL, 'BANGIL', 'ODP,Batuk, pusing', 'Tidak', '0000-00-00', NULL, NULL, NULL, NULL, 4, 1, '2020-04-13 06:00:00', '2020-04-13 06:00:00', '1'),
(752, '2020-04-02', 'SADIDAH', NULL, 16, 'P', 'Jambesari', 7, 'INDONESIA', 'BONDOWOSO', '0000-00-00', NULL, 'ODP', 'T', NULL, 'PROBOLINGGO', 'ODP,Batuk, pusing', 'Tidak', '0000-00-00', NULL, NULL, NULL, NULL, 4, 1, '2020-04-13 06:00:00', '2020-04-13 06:00:00', '1'),
(753, '2020-04-03', 'AZIZATUL FITRIYAH', NULL, 15, 'P', 'Gabugan', 7, 'INDONESIA', 'BONDOWOSO', '0000-00-00', NULL, 'ODP', 'T', NULL, 'SITUBONDO', 'ODP,Batuk, pusing', 'Tidak', '0000-00-00', NULL, NULL, NULL, NULL, 4, 1, '2020-04-13 06:00:00', '2020-04-13 06:00:00', '1'),
(754, '2020-04-06', 'M. Rofiki', NULL, 28, 'L', 'kidul Kali Rt 12', 7, 'INDONESIA', 'BONDOWOSO', '0000-00-00', NULL, 'ODP', 'T', NULL, 'BALI', 'Pilek ', 'Tidak', '0000-00-00', NULL, NULL, NULL, NULL, 4, 1, '2020-04-13 06:00:00', '2020-04-13 06:00:00', '1'),
(755, '2020-04-06', 'Widadi', NULL, 25, 'L', 'Kidul Kali Rt 11', 7, 'INDONESIA', 'BONDOWOSO', '0000-00-00', NULL, 'ODP', 'T', NULL, 'Jember', 'Batuk, Pilek, Sesak', 'Tidak', '0000-00-00', NULL, NULL, NULL, NULL, 4, 1, '2020-04-13 06:00:00', '2020-04-13 06:00:00', '1'),
(756, '2020-04-06', 'P. Sanah', NULL, 52, 'L', 'Ds Pengarang Rt 4', 7, 'INDONESIA', 'BONDOWOSO', '0000-00-00', NULL, 'ODP', 'T', NULL, 'Surabaya', 'Batuk,pilek', 'Tidak', '0000-00-00', NULL, NULL, NULL, NULL, 4, 1, '2020-04-13 06:00:00', '2020-04-13 06:00:00', '1'),
(757, '2020-04-06', 'LEO', NULL, 29, 'L', 'JL. ABDUL WAHID RT 27 RW 6', 2, 'INDONESIA', 'BONDOWOSO', '0000-00-00', NULL, 'ODP', 'T', NULL, 'JAKARTA', 'DEMAM', 'Tidak', '0000-00-00', NULL, NULL, NULL, NULL, 12, 1, '2020-04-13 06:00:00', '2020-04-13 06:00:00', '1'),
(758, '2020-04-06', 'NOR HOLIL', NULL, 35, 'L', 'SELOLEMBU RT 06/02', 5, 'INDONESIA', 'BONDOWOSO', '0000-00-00', NULL, 'ODP', 'T', NULL, 'SITUBONDO', 'DEMAM', 'Tidak', '0000-00-00', NULL, NULL, NULL, NULL, 15, 1, '2020-04-13 06:00:00', '2020-04-13 06:00:00', '1'),
(759, '2020-04-06', 'MASKUR', NULL, 25, 'L', 'SUMBER ANOM RT 12/02', 17, 'INDONESIA', 'BONDOWOSO', '0000-00-00', NULL, 'ODP', 'T', NULL, 'SIDOARJO', 'PIILEK', 'Tidak', '0000-00-00', NULL, NULL, NULL, NULL, 3, 1, '2020-04-13 06:00:00', '2020-04-13 06:00:00', '1'),
(760, '2020-04-06', 'MUNAWAROH', NULL, 48, 'P', 'PATEMON', 21, 'INDONESIA', 'BONDOWOSO', '0000-00-00', NULL, 'ODP', 'T', NULL, 'JAKARTA', 'PILEK', 'Tidak', '0000-00-00', NULL, NULL, NULL, NULL, 6, 1, '2020-04-13 06:00:00', '2020-04-13 06:00:00', '1'),
(761, '2020-04-07', 'ABDUL WAFA', NULL, 18, 'L', 'SUMBER KOKAP', 16, 'INDONESIA', 'BONDOWOSO', '0000-00-00', NULL, 'ODP', 'T', NULL, 'WALI 9', 'BATUK', 'Tidak', '0000-00-00', NULL, NULL, NULL, NULL, 20, 1, '2020-04-13 06:00:00', '2020-04-13 06:00:00', '1'),
(762, '2020-04-04', 'TITIS KARIMATUL  J', NULL, 19, 'P', 'MANGLI RT.7', 12, 'INDONESIA', 'BONDOWOSO', '0000-00-00', NULL, 'ODP', 'T', NULL, 'SITUBONDO', 'PANAS', 'Tidak', '0000-00-00', NULL, NULL, NULL, NULL, 5, 1, '2020-04-13 06:00:00', '2020-04-13 06:00:00', '1'),
(763, '2020-04-04', 'SITI NUR HAFIZA', NULL, 14, 'P', 'MENGOK RT.1', 12, 'INDONESIA', 'BONDOWOSO', '0000-00-00', NULL, 'ODP', 'T', NULL, 'SITUBONDO', 'BATUK', 'Tidak', '0000-00-00', NULL, NULL, NULL, NULL, 5, 1, '2020-04-13 06:00:00', '2020-04-13 06:00:00', '1'),
(764, '2020-04-04', 'KHOLIFAH', NULL, 18, 'P', 'SUKODONO', 12, 'INDONESIA', 'BONDOWOSO', '0000-00-00', NULL, 'ODP', 'T', NULL, 'SITUBONDO', 'PILEK', 'Tidak', '0000-00-00', NULL, NULL, NULL, NULL, 5, 1, '2020-04-13 06:00:00', '2020-04-13 06:00:00', '1'),
(765, '2020-04-04', 'SUTRATUL HASANAH', NULL, 15, 'P', 'KEJAYAN ', 12, 'INDONESIA', 'BONDOWOSO', '0000-00-00', NULL, 'ODP', 'T', NULL, 'SITUBONDO', 'BATUK', 'Tidak', '0000-00-00', NULL, NULL, NULL, NULL, 5, 1, '2020-04-13 06:00:00', '2020-04-13 06:00:00', '1'),
(766, '2020-04-04', 'CINDIATUS S', NULL, 17, 'P', 'ALSSUMUR RT 8', 12, 'INDONESIA', 'BONDOWOSO', '0000-00-00', NULL, 'ODP', 'T', NULL, 'SITUBONDO', 'BATUK', 'Tidak', '0000-00-00', NULL, NULL, NULL, NULL, 5, 1, '2020-04-13 06:00:00', '2020-04-13 06:00:00', '1'),
(767, '2020-04-04', 'FARDIYANA NOVA', NULL, 18, 'P', 'SUKODONO', 12, 'INDONESIA', 'BONDOWOSO', '0000-00-00', NULL, 'ODP', 'T', NULL, 'SITUBONDO', 'BATUK', 'Tidak', '0000-00-00', NULL, NULL, NULL, NULL, 5, 1, '2020-04-13 06:00:00', '2020-04-13 06:00:00', '1'),
(768, '2020-04-04', 'KAMILIA', NULL, 15, 'P', 'MANGLI RT 6', 12, 'INDONESIA', 'BONDOWOSO', '0000-00-00', NULL, 'ODP', 'T', NULL, 'SITUBONDO', 'PANAS', 'Tidak', '0000-00-00', NULL, NULL, NULL, NULL, 5, 1, '2020-04-13 06:00:00', '2020-04-13 06:00:00', '1'),
(769, '2020-04-04', 'RIFKA MAUFIROH', NULL, 19, 'P', 'MASKUNING KULON RT 3', 12, 'INDONESIA', 'BONDOWOSO', '0000-00-00', NULL, 'ODP', 'T', NULL, 'SITUBONDO', 'BATUK', 'Tidak', '0000-00-00', NULL, NULL, NULL, NULL, 5, 1, '2020-04-13 06:00:00', '2020-04-13 06:00:00', '1'),
(770, '2020-04-04', 'IZZATULKAMILAH', NULL, 13, 'P', 'MASKUNING KULON RT 1', 12, 'INDONESIA', 'BONDOWOSO', '0000-00-00', NULL, 'ODP', 'T', NULL, 'SITUBONDO', 'BATUK', 'Tidak', '0000-00-00', NULL, NULL, NULL, NULL, 5, 1, '2020-04-13 06:00:00', '2020-04-13 06:00:00', '1'),
(771, '2020-04-04', 'YUSI FAWIYAH', NULL, 19, 'P', 'SUKOWONO RT 6', 12, 'INDONESIA', 'BONDOWOSO', '0000-00-00', NULL, 'ODP', 'T', NULL, 'SITUBONDO', 'BATUK', 'Tidak', '0000-00-00', NULL, NULL, NULL, NULL, 5, 1, '2020-04-13 06:00:00', '2020-04-13 06:00:00', '1'),
(772, '2020-04-04', 'KITROTUL A', NULL, 17, 'P', 'RANDU CANGKRING RT 4', 12, 'INDONESIA', 'BONDOWOSO', '0000-00-00', NULL, 'ODP', 'T', NULL, 'SITUBONDO', 'BATUK , PILEK', 'Tidak', '0000-00-00', NULL, NULL, NULL, NULL, 5, 1, '2020-04-13 06:00:00', '2020-04-13 06:00:00', '1'),
(773, '2020-04-06', 'Moh syeh zainul hali', NULL, 25, 'L', 'Cermee rt 08', 4, 'INDONESIA', 'BONDOWOSO', '0000-00-00', NULL, 'ODP', 'T', NULL, 'KEDIRI', 'Batuk', 'Tidak', '0000-00-00', NULL, NULL, NULL, NULL, 24, 1, '2020-04-13 06:00:00', '2020-04-13 06:00:00', '1'),
(774, '2020-04-03', 'dyan mila ', NULL, 20, 'P', 'Bercak Asri rt 11', 4, 'INDONESIA', 'BONDOWOSO', '0000-00-00', NULL, 'ODP', 'T', NULL, 'SITUBONDO', 'Nyeri tenggorokan', 'Tidak', '0000-00-00', NULL, NULL, NULL, NULL, 24, 1, '2020-04-13 06:00:00', '2020-04-13 06:00:00', '1'),
(775, '2020-04-05', 'Hengky', NULL, 27, 'L', 'Bercak Asri rt 08', 4, 'INDONESIA', 'BONDOWOSO', '0000-00-00', NULL, 'ODP', 'T', NULL, 'SITUBONDO', 'Panas, Batuk', 'Tidak', '0000-00-00', NULL, NULL, NULL, NULL, 24, 1, '2020-04-13 06:00:00', '2020-04-13 06:00:00', '1'),
(776, '2020-04-03', 'INDRIYANI', NULL, 39, 'P', 'KADEMANGAN RT 23 RW 4', 2, 'INDONESIA', 'BONDOWOSO', '0000-00-00', NULL, 'ODP', 'T', NULL, 'SITUBONDO', 'ISPA', 'Tidak', '0000-00-00', NULL, NULL, NULL, NULL, 14, 1, '2020-04-13 06:00:00', '2020-04-13 06:00:00', '1'),
(777, '2020-04-04', 'DEVINA WIJAYA', NULL, 21, 'P', 'TAMANSARI RT 16 RW 5', 2, 'INDONESIA', 'BONDOWOSO', '0000-00-00', NULL, 'ODP', 'T', NULL, 'MALANG', 'bronchitis', 'Tidak', '0000-00-00', NULL, NULL, NULL, NULL, 14, 1, '2020-04-13 06:00:00', '2020-04-13 06:00:00', '1'),
(778, '2020-04-06', 'SATRIA ISKANDAR', NULL, 40, 'L', 'PEJATEN RT 8 RW 2', 2, 'INDONESIA', 'BONDOWOSO', '0000-00-00', NULL, 'ODP', 'T', NULL, 'JEPARA', 'ISPA', 'Tidak', '0000-00-00', NULL, NULL, NULL, NULL, 14, 1, '2020-04-13 06:00:00', '2020-04-13 06:00:00', '1'),
(779, '2020-04-06', 'INTAN', NULL, 14, 'P', 'BANYUWULU', 23, 'INDONESIA', 'BONDOWOSO', '0000-00-00', NULL, 'ODP', 'T', NULL, 'SITUBONDO', 'BATUK', 'Tidak', '0000-00-00', NULL, NULL, NULL, NULL, 18, 1, '2020-04-13 06:00:00', '2020-04-13 06:00:00', '1'),
(780, '2020-04-06', 'MASYUDA', NULL, 15, 'L', 'BANYUWULU', 23, 'INDONESIA', 'BONDOWOSO', '0000-00-00', NULL, 'ODP', 'T', NULL, 'SITUBONDO', 'DEMAM', 'Tidak', '0000-00-00', NULL, NULL, NULL, NULL, 18, 1, '2020-04-13 06:00:00', '2020-04-13 06:00:00', '1'),
(781, '2020-04-06', 'ASNAN', NULL, 15, 'L', 'BANYUWULU', 23, 'INDONESIA', 'BONDOWOSO', '0000-00-00', NULL, 'ODP', 'T', NULL, 'SITUBONDO', 'DEMAM', 'Tidak', '0000-00-00', NULL, NULL, NULL, NULL, 18, 1, '2020-04-13 06:00:00', '2020-04-13 06:00:00', '1'),
(782, '2020-04-07', 'ILA DWI', NULL, 20, 'P', 'PEKALANGAN RT.17 RW.3', 20, 'INDONESIA', 'BONDOWOSO', '0000-00-00', NULL, 'ODP', 'T', NULL, 'SITUBONDO', 'BATUK,SESAK', 'Tidak', '0000-00-00', NULL, NULL, NULL, NULL, 11, 1, '2020-04-13 06:00:00', '2020-04-13 06:00:00', '1'),
(783, '2020-04-07', 'ALDI PRIYO PRATAMA', NULL, 18, 'L', 'BATAAN RT.32 RW.9', 20, 'INDONESIA', 'BONDOWOSO', '0000-00-00', NULL, 'ODP', 'T', NULL, 'SITUBONDO', 'PANAS,BATUK,PILEK', 'Tidak', '0000-00-00', NULL, NULL, NULL, NULL, 11, 1, '2020-04-13 06:00:00', '2020-04-13 06:00:00', '1'),
(784, '2020-04-07', 'SHOFIYAH TAUFIKUR R', NULL, 32, 'P', 'WRINGIN', 23, 'INDONESIA', 'BONDOWOSO', '0000-00-00', NULL, 'ODP', 'T', NULL, 'KONTAK ERAT POS', 'PILEK', 'Sudah', '2020-04-06', NULL, NULL, 'RDT (+)', NULL, 18, 1, '2020-04-13 06:00:00', '2020-04-13 06:00:00', '1'),
(785, '2020-04-07', 'SURAWI', NULL, 42, 'L', 'BANYUWULU', 23, 'INDONESIA', 'BONDOWOSO', '0000-00-00', NULL, 'ODP', 'T', NULL, 'BALI', 'DEMAM,PILEK', 'Tidak', '0000-00-00', NULL, NULL, NULL, NULL, 18, 1, '2020-04-13 06:00:00', '2020-04-13 06:00:00', '1'),
(786, '2020-04-07', 'ZUATNAH', NULL, 62, 'P', 'KOTAKULON RT. 34', 2, 'INDONESIA', 'BONDOWOSO', '0000-00-00', NULL, 'ODP', 'T', NULL, 'CIREBON', NULL, 'Tidak', '0000-00-00', NULL, NULL, NULL, NULL, 13, 1, '2020-04-13 06:00:00', '2020-04-13 06:00:00', '1'),
(787, '2020-04-07', 'EDY', NULL, 64, 'L', 'KOTAKULON RT. 34', 2, 'INDONESIA', 'BONDOWOSO', '0000-00-00', NULL, 'ODP', 'T', NULL, 'CIREBON', NULL, 'Tidak', '0000-00-00', NULL, NULL, NULL, NULL, 13, 1, '2020-04-13 06:00:00', '2020-04-13 06:00:00', '1'),
(788, '2020-04-07', 'SITI NUR HANIFAH', NULL, 35, 'P', 'PASAREJO', 22, 'INDONESIA', 'BONDOWOSO', '0000-00-00', NULL, 'ODP', 'T', NULL, 'SIDOARJO', 'DIARE, LEMAS', 'Tidak', '0000-00-00', NULL, NULL, NULL, NULL, 10, 1, '2020-04-13 06:00:00', '2020-04-13 06:00:00', '1'),
(789, '2020-04-07', 'Ahmad Baihaki', NULL, 17, 'L', 'Pakem RT 12', 10, 'INDONESIA', 'BONDOWOSO', '0000-00-00', NULL, 'ODP', 'T', NULL, 'BALI', NULL, 'Tidak', '0000-00-00', NULL, NULL, NULL, NULL, 17, 1, '2020-04-13 06:00:00', '2020-04-13 06:00:00', '1'),
(790, '2020-04-08', 'Abdul Munir', NULL, 21, 'L', 'Pakem RT 6', 10, 'INDONESIA', 'BONDOWOSO', '0000-00-00', NULL, 'ODP', 'T', NULL, 'JEMBER', 'FEBRIS + NAUSEA VOMITING', 'Tidak', '0000-00-00', NULL, NULL, NULL, NULL, 17, 1, '2020-04-13 06:00:00', '2020-04-13 06:00:00', '1'),
(791, '2020-04-08', 'Ary', NULL, 38, 'L', 'Pakem RT 12', 10, 'INDONESIA', 'BONDOWOSO', '0000-00-00', NULL, 'ODP', 'T', NULL, 'SURABAYA', 'ISPA', 'Tidak', '0000-00-00', NULL, NULL, NULL, NULL, 17, 1, '2020-04-13 06:00:00', '2020-04-13 06:00:00', '1'),
(792, '2020-04-08', 'SITI MUTMAINATUL', NULL, 17, 'P', 'SUMBER KOKAP', 16, 'INDONESIA', 'BONDOWOSO', '0000-00-00', NULL, 'ODP', 'T', NULL, 'SITUBONDO', 'PANAS ( 37,5 )', 'Tidak', '0000-00-00', NULL, NULL, NULL, NULL, 20, 1, '2020-04-13 06:00:00', '2020-04-13 06:00:00', '1'),
(793, '2020-04-08', 'RIFKI ARIFIAN', NULL, 20, 'L', 'SUKOSARI RT 1', 14, 'INDONESIA', 'BONDOWOSO', '0000-00-00', NULL, 'ODP', 'T', NULL, 'MALANG', 'PILEK', 'Tidak', '0000-00-00', NULL, NULL, NULL, NULL, 7, 1, '2020-04-13 06:00:00', '2020-04-13 06:00:00', '1'),
(794, '2020-04-08', 'BU ANDIKA', NULL, 30, 'P', 'SITUBONDO', 22, 'INDONESIA', 'BONDOWOSO', '0000-00-00', NULL, 'ODP', 'T', NULL, 'SITUBONDO', 'BATUK,PILEK,PANAS', 'Tidak', '0000-00-00', NULL, NULL, NULL, NULL, 10, 1, '2020-04-13 06:00:00', '2020-04-13 06:00:00', '1'),
(795, '2020-04-07', 'ASIS SAURI/RAHMAT', NULL, 55, 'L', 'SULEK', 21, 'INDONESIA', 'BONDOWOSO', '0000-00-00', NULL, 'ODP', 'T', NULL, 'BALI', 'PILEK', 'Tidak', '0000-00-00', NULL, NULL, NULL, NULL, 6, 1, '2020-04-13 06:00:00', '2020-04-13 06:00:00', '1'),
(796, '2020-04-07', 'SAIFUL ', NULL, 18, 'L', 'BRAMBANG D', 21, 'INDONESIA', 'BONDOWOSO', '0000-00-00', NULL, 'ODP', 'T', NULL, 'BALI', 'PILEK', 'Tidak', '0000-00-00', NULL, NULL, NULL, NULL, 6, 1, '2020-04-13 06:00:00', '2020-04-13 06:00:00', '1'),
(797, '2020-04-07', 'JUMRATI', NULL, 50, 'P', 'SELOLEMBU RT 07/2', 5, 'INDONESIA', 'BONDOWOSO', '0000-00-00', NULL, 'ODP', 'T', NULL, 'PASURUAN', 'DEMAM, BATUK', 'Tidak', '0000-00-00', NULL, NULL, NULL, NULL, 15, 1, '2020-04-13 06:00:00', '2020-04-13 06:00:00', '1'),
(798, '2020-04-05', 'Maulidiya Azahra', NULL, 5, 'P', 'Kembang RT 9 RW 2', 7, 'INDONESIA', 'BONDOWOSO', '0000-00-00', NULL, 'ODP', 'T', NULL, 'Surabaya', 'Demam +Bapil', 'Tidak', '0000-00-00', NULL, NULL, NULL, NULL, 4, 1, '2020-04-13 06:00:00', '2020-04-13 06:00:00', '1'),
(799, '2020-04-09', 'MURTADI', NULL, 35, 'L', 'LOMBOK KULON RT 18', 22, 'INDONESIA', 'BONDOWOSO', '0000-00-00', NULL, 'ODP', 'T', NULL, 'BALI', 'PANAS,BATUK,PILEK,NYERI TELAN', 'Tidak', '0000-00-00', NULL, NULL, NULL, NULL, 10, 1, '2020-04-13 06:00:00', '2020-04-13 06:00:00', '1'),
(800, '2020-04-09', 'ZULAIHA', NULL, 30, 'P', 'LOMBOK KULON RT 2', 22, 'INDONESIA', 'BONDOWOSO', '0000-00-00', NULL, 'ODP', 'T', NULL, 'SITUBONDO', 'PANAS,BATUK', 'Tidak', '0000-00-00', NULL, NULL, NULL, NULL, 10, 1, '2020-04-13 06:00:00', '2020-04-13 06:00:00', '1'),
(801, '2020-04-09', 'Khairul', NULL, 13, 'L', 'Sumberdumpyong RT 3', 10, 'INDONESIA', 'BONDOWOSO', '0000-00-00', NULL, 'ODP', 'T', NULL, 'SITUBONDO', 'FEBRIS + ISPA', 'Tidak', '0000-00-00', NULL, NULL, NULL, NULL, 17, 1, '2020-04-13 06:00:00', '2020-04-13 06:00:00', '1'),
(802, '2020-04-09', 'Farida', NULL, 17, 'P', 'patemon Rt 13', 10, 'INDONESIA', 'BONDOWOSO', '0000-00-00', NULL, 'ODP', 'T', NULL, 'SITUBONDO', 'FEBRIS + ISPA', 'Tidak', '0000-00-00', NULL, NULL, NULL, NULL, 17, 1, '2020-04-13 06:00:00', '2020-04-13 06:00:00', '1'),
(803, '2020-04-09', 'ISMAIL', NULL, 19, 'L', 'PAGUAN', 16, 'INDONESIA', 'BONDOWOSO', '0000-00-00', NULL, 'ODP', 'T', NULL, 'BANYUWANGI', 'BATUK PILEK', 'Tidak', '0000-00-00', NULL, NULL, NULL, NULL, 20, 1, '2020-04-13 06:00:00', '2020-04-13 06:00:00', '1'),
(804, '2020-04-09', 'FAWAIT', NULL, 44, 'L', 'PAGUAN', 16, 'INDONESIA', 'BONDOWOSO', '0000-00-00', NULL, 'ODP', 'T', NULL, 'BALI', 'BATU PILEK', 'Tidak', '0000-00-00', NULL, NULL, NULL, NULL, 20, 1, '2020-04-13 06:00:00', '2020-04-13 06:00:00', '1'),
(805, '2020-04-08', 'Rofiatur Robi\'a ', NULL, 16, 'P', 'Desa Botolinggo', 3, 'INDONESIA', 'BONDOWOSO', '0000-00-00', NULL, 'ODP', 'T', NULL, 'SITUBONDO', 'flue', 'Tidak', '0000-00-00', NULL, NULL, NULL, NULL, 22, 1, '2020-04-13 06:00:00', '2020-04-13 06:00:00', '1'),
(806, '2020-04-08', 'Sulton', NULL, 15, 'L', 'Desa Botolinggo', 3, 'INDONESIA', 'BONDOWOSO', '0000-00-00', NULL, 'ODP', 'T', NULL, 'SITUBONDO', 'Batuk + Pilek', 'Tidak', '0000-00-00', NULL, NULL, NULL, NULL, 22, 1, '2020-04-13 06:00:00', '2020-04-13 06:00:00', '1'),
(807, '2020-04-08', 'Khusnol Khotimah', NULL, 17, 'P', 'Desa Botolinggo', 3, 'INDONESIA', 'BONDOWOSO', '0000-00-00', NULL, 'ODP', 'T', NULL, 'SITUBONDO', 'Batuk + Pilek', 'Tidak', '0000-00-00', NULL, NULL, NULL, NULL, 22, 1, '2020-04-13 06:00:00', '2020-04-13 06:00:00', '1'),
(808, '2020-04-08', 'Siti Nur Kholisah', NULL, 17, 'P', 'Desa Botolinggo', 3, 'INDONESIA', 'BONDOWOSO', '0000-00-00', NULL, 'ODP', 'T', NULL, 'SITUBONDO', 'Batuk', 'Tidak', '0000-00-00', NULL, NULL, NULL, NULL, 22, 1, '2020-04-13 06:00:00', '2020-04-13 06:00:00', '1'),
(809, '2020-04-08', 'Fadillah', NULL, 13, 'P', 'Desa Botolinggo', 3, 'INDONESIA', 'BONDOWOSO', '0000-00-00', NULL, 'ODP', 'T', NULL, 'SITUBONDO', 'Nyeri Telan', 'Tidak', '0000-00-00', NULL, NULL, NULL, NULL, 22, 1, '2020-04-13 06:00:00', '2020-04-13 06:00:00', '1'),
(810, '2020-04-08', 'Siti Lailatul Mukarromah', NULL, 14, 'P', 'Desa Botolinggo', 3, 'INDONESIA', 'BONDOWOSO', '0000-00-00', NULL, 'ODP', 'T', NULL, 'SITUBONDO', 'Batuk + Pilek', 'Tidak', '0000-00-00', NULL, NULL, NULL, NULL, 22, 1, '2020-04-13 06:00:00', '2020-04-13 06:00:00', '1'),
(811, '2020-04-07', 'FARID ARDIYANSYAH', NULL, 20, 'L', 'BENDELAN', 1, 'INDONESIA', 'BONDOWOSO', '0000-00-00', NULL, 'ODP', 'T', NULL, 'SITUBONDO', 'BATUK,PILEK', 'Tidak', '0000-00-00', NULL, NULL, NULL, NULL, 16, 1, '2020-04-13 06:00:00', '2020-04-13 06:00:00', '1'),
(812, '2020-04-10', 'Dimas Nur', NULL, 34, 'L', 'Prajekan Kidul Rt 2 rw 13', 11, 'INDONESIA', 'BONDOWOSO', '0000-00-00', NULL, 'ODP', 'T', NULL, 'Malang', 'Batuk, panas', 'Tidak', '0000-00-00', NULL, NULL, NULL, NULL, 23, 1, '2020-04-13 06:00:00', '2020-04-13 06:00:00', '1'),
(813, '2020-04-10', 'Andrias', NULL, 35, 'L', 'Prajekan Kidul Rt 3 Rw 17', 11, 'INDONESIA', 'BONDOWOSO', '0000-00-00', NULL, 'ODP', 'T', NULL, 'SITUBONDO', 'Batuk, Panas 38,1', 'Tidak', '0000-00-00', NULL, NULL, NULL, NULL, 23, 1, '2020-04-13 06:00:00', '2020-04-13 06:00:00', '1'),
(814, '2020-04-11', 'Chandra', NULL, 15, 'L', 'Lerpenang', 13, 'INDONESIA', 'BONDOWOSO', '0000-00-00', NULL, 'ODP', 'T', NULL, 'SITUBONDO', 'Pilek', 'Tidak', '0000-00-00', NULL, NULL, NULL, NULL, 21, 1, '2020-04-13 06:00:00', '2020-04-13 06:00:00', '1'),
(815, '2020-04-09', 'BRAYEN', NULL, 8, 'L', 'KLABANG', 8, 'INDONESIA', 'BONDOWOSO', '0000-00-00', NULL, 'ODP', 'T', NULL, 'SITUBONDO', 'PANAS ', 'Tidak', '0000-00-00', NULL, NULL, NULL, NULL, 25, 1, '2020-04-13 06:00:00', '2020-04-13 06:00:00', '1'),
(816, '2020-04-09', 'NANIK', NULL, 16, 'P', 'LEPRAK RT 11', 8, 'INDONESIA', 'BONDOWOSO', '0000-00-00', NULL, 'ODP', 'T', NULL, 'SITUBONDO', 'BATUK 1 MINGGU', 'Tidak', '0000-00-00', NULL, NULL, NULL, NULL, 25, 1, '2020-04-13 06:00:00', '2020-04-13 06:00:00', '1'),
(817, '2020-04-09', 'RAHMA', NULL, 17, 'P', 'LEPRAK RT 11', 8, 'INDONESIA', 'BONDOWOSO', '0000-00-00', NULL, 'ODP', 'T', NULL, 'SITUBONDO', 'PILEK 1 MINGGU', 'Tidak', '0000-00-00', NULL, NULL, NULL, NULL, 25, 1, '2020-04-13 06:00:00', '2020-04-13 06:00:00', '1'),
(818, '2020-04-09', 'KHOTIBUL UMAM', NULL, 14, 'L', 'LEPRAK RT 11', 8, 'INDONESIA', 'BONDOWOSO', '0000-00-00', NULL, 'ODP', 'T', NULL, 'WRINGIN', 'PILEK 2 HARI', 'Tidak', '0000-00-00', NULL, NULL, NULL, NULL, 25, 1, '2020-04-13 06:00:00', '2020-04-13 06:00:00', '1'),
(819, '2020-04-09', 'SUARNI', NULL, 41, 'P', 'PONCOGATI RT 05', 5, 'INDONESIA', 'BONDOWOSO', '0000-00-00', NULL, 'ODP', 'T', NULL, 'BALI', 'BATUK, PILEK', 'Tidak', '0000-00-00', NULL, NULL, NULL, NULL, 15, 1, '2020-04-13 06:00:00', '2020-04-13 06:00:00', '1'),
(820, '2020-04-09', 'BUNADIN', NULL, 45, 'L', 'PONCOGATI RT 05', 5, 'INDONESIA', 'BONDOWOSO', '0000-00-00', NULL, 'ODP', 'T', NULL, 'BALI', 'BATUK', 'Tidak', '0000-00-00', NULL, NULL, NULL, NULL, 15, 1, '2020-04-13 06:00:00', '2020-04-13 06:00:00', '1'),
(821, '2020-04-09', 'SUPRIYADI', NULL, 48, 'L', 'PONCOGATI RT 15', 5, 'INDONESIA', 'BONDOWOSO', '0000-00-00', NULL, 'ODP', 'T', NULL, 'MALANG', 'BATUK', 'Tidak', '0000-00-00', NULL, NULL, NULL, NULL, 15, 1, '2020-04-13 06:00:00', '2020-04-13 06:00:00', '1'),
(822, '2020-04-09', 'JUMADI', NULL, 51, 'L', 'PONCOGATI', 5, 'INDONESIA', 'BONDOWOSO', '0000-00-00', NULL, 'ODP', 'T', NULL, 'BALI', 'BATUK, PUSING', 'Tidak', '0000-00-00', NULL, NULL, NULL, NULL, 15, 1, '2020-04-13 06:00:00', '2020-04-13 06:00:00', '1'),
(823, '2020-04-09', 'DAHLIA HADIROTUL', NULL, 15, 'P', 'PONCOGATI RT 01', 5, 'INDONESIA', 'BONDOWOSO', '0000-00-00', NULL, 'ODP', 'T', NULL, 'KEDIRI', 'BATUK', 'Tidak', '0000-00-00', NULL, NULL, NULL, NULL, 15, 1, '2020-04-13 06:00:00', '2020-04-13 06:00:00', '1'),
(824, '2020-04-08', 'RUK', NULL, 47, 'P', 'WONOSARI RT 18', 6, 'INDONESIA', 'BONDOWOSO', '0000-00-00', NULL, 'ODP', 'T', NULL, 'BALI', 'DEMAM, PUSING', 'Tidak', '0000-00-00', NULL, NULL, NULL, NULL, 2, 1, '2020-04-13 06:00:00', '2020-04-13 06:00:00', '1'),
(825, '2020-04-07', 'YUSUF', NULL, 13, 'L', 'KARANG MELOK RT 14', 17, 'INDONESIA', 'BONDOWOSO', '0000-00-00', NULL, 'ODP', 'T', NULL, 'JEMBER', 'BATUK', 'Tidak', '0000-00-00', NULL, NULL, NULL, NULL, 3, 1, '2020-04-13 06:00:00', '2020-04-13 06:00:00', '1'),
(826, '2020-04-11', 'ASIS', NULL, 45, 'L', 'SUKOSARI RT 26', 14, 'INDONESIA', 'BONDOWOSO', '0000-00-00', NULL, 'ODP', 'T', NULL, 'SURABAYA', 'BATUK,PILEK', 'Tidak', '0000-00-00', NULL, NULL, NULL, NULL, 7, 1, '2020-04-13 06:00:00', '2020-04-13 06:00:00', '1'),
(827, '2020-04-08', 'En Winarsih', NULL, 23, 'P', 'Desa Gayam Lor', 3, 'INDONESIA', 'BONDOWOSO', '0000-00-00', NULL, 'ODP', 'T', NULL, 'SITUBONDO', 'Demam', 'Tidak', '0000-00-00', NULL, NULL, NULL, NULL, 22, 1, '2020-04-13 06:00:00', '2020-04-13 06:00:00', '1'),
(828, '2020-04-08', 'Riska Ayu', NULL, 22, 'P', 'Desa Gayam Lor ', 3, 'INDONESIA', 'BONDOWOSO', '0000-00-00', NULL, 'ODP', 'T', NULL, 'BONDOWOSO', 'Demam , Sesak Nafas', 'Tidak', '0000-00-00', NULL, NULL, NULL, NULL, 22, 1, '2020-04-13 06:00:00', '2020-04-13 06:00:00', '1'),
(829, '2020-04-05', 'M. Salman', NULL, 16, 'L', 'Taal', 18, 'INDONESIA', 'BONDOWOSO', '0000-00-00', NULL, 'ODP', 'T', NULL, 'Situbondo', 'Batuk Pilek', 'Tidak', '0000-00-00', NULL, NULL, NULL, NULL, 9, 1, '2020-04-13 06:00:00', '2020-04-13 06:00:00', '1'),
(830, '2020-04-10', 'Hadi Suratman', NULL, 43, 'L', 'Mrawan', 18, 'INDONESIA', 'BONDOWOSO', '0000-00-00', NULL, 'ODP', 'T', NULL, 'Papua', 'Batuk 1 minggu', 'Tidak', '0000-00-00', NULL, NULL, NULL, NULL, 9, 1, '2020-04-13 06:00:00', '2020-04-13 06:00:00', '1'),
(831, '2020-03-31', 'Vivi', NULL, 15, 'P', 'Tapen', 18, 'INDONESIA', 'BONDOWOSO', '0000-00-00', NULL, 'ODP', 'T', NULL, 'Situbondo', 'Batuk Pilek Sesak (asma)', 'Tidak', '0000-00-00', NULL, NULL, NULL, NULL, 9, 1, '2020-04-13 06:00:00', '2020-04-13 06:00:00', '1'),
(832, '2020-04-09', 'Arifatun Maghfiroh', NULL, 30, 'P', 'Wonokusumo', 18, 'INDONESIA', 'BONDOWOSO', '0000-00-00', NULL, 'ODP', 'T', NULL, 'Nakes', 'Batuk, Pilek, Demam', 'Tidak', '0000-00-00', NULL, NULL, NULL, NULL, 9, 1, '2020-04-13 06:00:00', '2020-04-13 06:00:00', '1'),
(833, '2020-04-08', 'Kamarudin', NULL, 50, 'L', 'Tapen RT 13', 18, 'INDONESIA', 'BONDOWOSO', '0000-00-00', NULL, 'ODP', 'T', NULL, 'Madura', 'Pilek, tenggorokan gatal', 'Tidak', '0000-00-00', NULL, NULL, NULL, NULL, 9, 1, '2020-04-13 06:00:00', '2020-04-13 06:00:00', '1'),
(834, '2020-03-29', 'Rini', NULL, 16, 'P', 'Taal RT 9', 18, 'INDONESIA', 'BONDOWOSO', '0000-00-00', NULL, 'ODP', 'T', NULL, 'Situbondo', 'batuk Pilek', 'Tidak', '0000-00-00', NULL, NULL, NULL, NULL, 9, 1, '2020-04-13 06:00:00', '2020-04-13 06:00:00', '1'),
(835, '2020-03-29', 'Hofi', NULL, 17, 'P', 'Taal RT 5', 18, 'INDONESIA', 'BONDOWOSO', '0000-00-00', NULL, 'ODP', 'T', NULL, 'Situbondo', 'batuk Pilek', 'Tidak', '0000-00-00', NULL, NULL, NULL, NULL, 9, 1, '2020-04-13 06:00:00', '2020-04-13 06:00:00', '1'),
(836, '2020-03-29', 'Elis', NULL, 20, 'P', 'Taal RT 7', 18, 'INDONESIA', 'BONDOWOSO', '0000-00-00', NULL, 'ODP', 'T', NULL, 'Situbondo', 'batuk Pilek', 'Tidak', '0000-00-00', NULL, NULL, NULL, NULL, 9, 1, '2020-04-13 06:00:00', '2020-04-13 06:00:00', '1'),
(837, '2020-03-29', 'Jamila', NULL, 17, 'P', 'Dusun Salak, Taal', 18, 'INDONESIA', 'BONDOWOSO', '0000-00-00', NULL, 'ODP', 'T', NULL, 'Madura', 'batuk Pilek', 'Tidak', '0000-00-00', NULL, NULL, NULL, NULL, 9, 1, '2020-04-13 06:00:00', '2020-04-13 06:00:00', '1'),
(838, '2020-04-09', 'MAHFIRAH', NULL, 16, 'P', 'BENDELAN', 1, 'INDONESIA', 'BONDOWOSO', '0000-00-00', NULL, 'ODP', 'T', NULL, 'SITUBONDO', 'BATUK,PILEK', 'Tidak', '0000-00-00', NULL, NULL, NULL, NULL, 16, 1, '2020-04-13 06:00:00', '2020-04-13 06:00:00', '1'),
(839, '2020-04-09', 'NADIRATUL N', NULL, 16, 'P', 'BENDELAN', 1, 'INDONESIA', 'BONDOWOSO', '0000-00-00', NULL, 'ODP', 'T', NULL, 'SITUBONDO', 'DEMAM,BATUK', 'Tidak', '0000-00-00', NULL, NULL, NULL, NULL, 16, 1, '2020-04-13 06:00:00', '2020-04-13 06:00:00', '1'),
(840, '2020-04-09', 'SUSMIATI ', NULL, 16, 'P', 'BENDELAN', 1, 'INDONESIA', 'BONDOWOSO', '0000-00-00', NULL, 'ODP', 'T', NULL, 'SITUBONDO', 'BATUK,PILEK', 'Tidak', '0000-00-00', NULL, NULL, NULL, NULL, 16, 1, '2020-04-13 06:00:00', '2020-04-13 06:00:00', '1'),
(841, '2020-04-09', 'ROMLA', NULL, 17, 'P', 'BENDELAN', 1, 'INDONESIA', 'BONDOWOSO', '0000-00-00', NULL, 'ODP', 'T', NULL, 'SITUBONDO', 'BATUK,PILEK', 'Tidak', '0000-00-00', NULL, NULL, NULL, NULL, 16, 1, '2020-04-13 06:00:00', '2020-04-13 06:00:00', '1'),
(842, '2020-04-12', 'hadi', NULL, 48, 'L', 'Desa Botolinggo', 3, 'INDONESIA', 'BONDOWOSO', '0000-00-00', NULL, 'ODP', 'T', NULL, 'BONDOWOSO (Kontak dg supir Bali)', 'Demam , Sesak Nafas, nyeri telan batuk', 'Sudah', '2020-04-12', NULL, NULL, 'NEGATIVE', NULL, 22, 1, '2020-04-13 06:00:00', '2020-04-13 06:00:00', '1'),
(843, '2020-04-12', 'una', NULL, 40, 'P', 'Desa Klekean ', 3, 'INDONESIA', 'BONDOWOSO', '0000-00-00', NULL, 'ODP', 'T', NULL, 'SITUBONDO', NULL, 'Tidak', '0000-00-00', NULL, NULL, NULL, NULL, 22, 1, '2020-04-13 06:00:00', '2020-04-13 06:00:00', '1'),
(844, '2020-04-11', 'ARNADI', NULL, 31, 'L', 'BESUK RT 01', 8, 'INDONESIA', 'BONDOWOSO', '0000-00-00', NULL, 'ODP', 'T', NULL, 'SITUBONDO', 'BATUK, PILEK, PANAS 38,6', 'Tidak', '0000-00-00', NULL, NULL, NULL, NULL, 25, 1, '2020-04-13 06:00:00', '2020-04-13 06:00:00', '1'),
(845, '2020-04-13', 'ahmad', NULL, 44, 'L', 'Desa Gayam', 3, 'INDONESIA', 'BONDOWOSO', '0000-00-00', NULL, 'ODP', 'T', NULL, 'BALI', 'Batuk', 'Tidak', '0000-00-00', NULL, NULL, NULL, NULL, 22, 1, '2020-04-13 06:00:00', '2020-04-13 06:00:00', '1'),
(846, '2020-04-13', 'Miswi', NULL, 44, '', 'Desa Botolinggo', 3, 'INDONESIA', 'BONDOWOSO', '0000-00-00', NULL, 'ODP', 'T', NULL, 'JAKARTA', NULL, 'Tidak', '0000-00-00', NULL, NULL, NULL, NULL, 22, 1, '2020-04-13 06:00:00', '2020-04-13 06:00:00', '1'),
(847, '2020-04-13', 'Anisa', NULL, 48, 'P', 'Kupang RT 5', 10, 'INDONESIA', 'BONDOWOSO', '0000-00-00', NULL, 'ODP', 'T', NULL, 'KONTAK ODR SAMARINDA', 'ISPA', 'Tidak', '0000-00-00', NULL, NULL, NULL, NULL, 17, 1, '2020-04-13 06:00:00', '2020-04-13 06:00:00', '1'),
(848, '2020-04-13', 'Fitria', NULL, 20, 'P', 'Kupang RT 5', 10, 'INDONESIA', 'BONDOWOSO', '0000-00-00', NULL, 'ODP', 'T', NULL, 'KONTAK ODR SAMARINDA', 'Faringitis', 'Tidak', '0000-00-00', NULL, NULL, NULL, NULL, 17, 1, '2020-04-13 06:00:00', '2020-04-13 06:00:00', '1'),
(849, '2020-04-13', 'Ary Dwi Kristiana Wati', NULL, 39, 'L', 'Pakem RT 12', 10, 'INDONESIA', 'BONDOWOSO', '0000-00-00', NULL, 'ODP', 'T', NULL, 'KALIMANTAN', 'ISPA', 'Tidak', '0000-00-00', NULL, NULL, NULL, NULL, 17, 1, '2020-04-13 06:00:00', '2020-04-13 06:00:00', '1'),
(850, '2020-04-12', 'NAWATI / B. DIANA', NULL, 52, 'P', 'KARANG ANYAR RT 03', 8, 'INDONESIA', 'BONDOWOSO', '0000-00-00', NULL, 'ODP', 'T', NULL, 'SITUBONDO', 'PANAS 38', 'Tidak', '0000-00-00', NULL, NULL, NULL, NULL, 25, 1, '2020-04-13 06:00:00', '2020-04-13 06:00:00', '1'),
(851, '2020-04-12', 'ANANG HADI S', NULL, 39, 'L', 'BLIMBING RT 04', 8, 'INDONESIA', 'BONDOWOSO', '0000-00-00', NULL, 'ODP', 'T', NULL, 'BALI', 'PANAS, BATUK, PILEK', 'Tidak', '0000-00-00', NULL, NULL, NULL, NULL, 25, 1, '2020-04-13 06:00:00', '2020-04-13 06:00:00', '1'),
(852, '2020-04-12', 'Sudiyanto', NULL, 38, 'L', 'Kampung baru', 13, 'INDONESIA', 'BONDOWOSO', '0000-00-00', NULL, 'ODP', 'T', NULL, 'Jember', 'BATUK, PILEK', 'Tidak', '0000-00-00', NULL, NULL, NULL, NULL, 21, 1, '2020-04-13 06:00:00', '2020-04-13 06:00:00', '1'),
(853, '2020-04-13', 'LIO SANDIKO A', NULL, 21, 'L', 'SUMBER PANDAN RT 3', 6, 'INDONESIA', 'BONDOWOSO', '0000-00-00', NULL, 'ODP', 'T', NULL, 'BALI', 'BATUK, NYERI TELAN', 'Tidak', '0000-00-00', NULL, NULL, NULL, NULL, 2, 1, '2020-04-13 06:00:00', '2020-04-13 06:00:00', '1'),
(854, '2020-04-13', 'SIFAUL KARIMAH', NULL, 9, 'P', 'SUMBER PANDAN RT 3', 6, 'INDONESIA', 'BONDOWOSO', '0000-00-00', NULL, 'ODP', 'T', NULL, 'BALI', 'BATUK', 'Tidak', '0000-00-00', NULL, NULL, NULL, NULL, 2, 1, '2020-04-13 06:00:00', '2020-04-13 06:00:00', '1'),
(855, '2020-04-12', 'WASALWA', NULL, 55, 'P', 'SELOLEMBU RT 07', 5, 'INDONESIA', 'BONDOWOSO', '0000-00-00', NULL, 'ODP', 'T', NULL, 'PASURUAN', 'BATUK,PILEK,DEMAM', 'Tidak', '0000-00-00', NULL, NULL, NULL, NULL, 15, 1, '2020-04-13 06:00:00', '2020-04-13 06:00:00', '1'),
(856, '2020-04-13', 'M. FARID', NULL, 13, 'L', 'DUSUN WONOKERTO BARAT, PRAMBON', 2, 'INDONESIA', 'BONDOWOSO', '0000-00-00', NULL, 'ODP', 'T', NULL, 'SIDOARJO', NULL, 'Tidak', '0000-00-00', NULL, NULL, NULL, NULL, 13, 1, '2020-04-13 06:00:00', '2020-04-13 06:00:00', '1'),
(857, '2020-04-13', 'ROBI HABIBI', NULL, 22, 'L', 'SULEK', 21, 'INDONESIA', 'BONDOWOSO', '0000-00-00', NULL, 'ODP', 'T', NULL, 'BALI', 'PILEK', 'Sudah', '0000-00-00', NULL, NULL, NULL, NULL, 6, 1, '2020-04-13 06:00:00', '2020-04-13 06:00:00', '1');

-- --------------------------------------------------------

--
-- Struktur dari tabel `migrations`
--

CREATE TABLE `migrations` (
  `id` int(10) UNSIGNED NOT NULL,
  `migration` varchar(191) COLLATE utf8mb4_unicode_ci NOT NULL,
  `batch` int(11) NOT NULL
) ENGINE=InnoDB DEFAULT CHARSET=utf8mb4 COLLATE=utf8mb4_unicode_ci;

--
-- Dumping data untuk tabel `migrations`
--

INSERT INTO `migrations` (`id`, `migration`, `batch`) VALUES
(4, '2014_10_12_000000_create_users_table', 1),
(5, '2014_10_12_100000_create_password_resets_table', 1),
(6, '2019_08_19_000000_create_failed_jobs_table', 1),
(7, '2020_03_29_123647_create_kecamatan_table', 2),
(8, '2020_03_29_124242_create_puskesmas_table', 3),
(14, '2020_03_29_124851_create_kumulatif_table', 4),
(15, '2020_03_29_134854_custom_user_table', 4),
(16, '2020_03_31_094009_create_kecamatans_table', 5);

-- --------------------------------------------------------

--
-- Struktur dari tabel `password_resets`
--

CREATE TABLE `password_resets` (
  `email` varchar(191) COLLATE utf8mb4_unicode_ci NOT NULL,
  `token` varchar(191) COLLATE utf8mb4_unicode_ci NOT NULL,
  `created_at` timestamp NULL DEFAULT NULL
) ENGINE=InnoDB DEFAULT CHARSET=utf8mb4 COLLATE=utf8mb4_unicode_ci;

-- --------------------------------------------------------

--
-- Struktur dari tabel `puskesmas`
--

CREATE TABLE `puskesmas` (
  `id` tinyint(3) UNSIGNED NOT NULL,
  `puskesmas` varchar(50) COLLATE utf8mb4_unicode_ci NOT NULL,
  `kecamatan_id` tinyint(3) UNSIGNED DEFAULT NULL,
  `alamat` text COLLATE utf8mb4_unicode_ci NOT NULL,
  `no_hp` varchar(20) COLLATE utf8mb4_unicode_ci NOT NULL,
  `latitude` varchar(20) COLLATE utf8mb4_unicode_ci NOT NULL,
  `longitude` varchar(20) COLLATE utf8mb4_unicode_ci NOT NULL,
  `created_at` timestamp NULL DEFAULT NULL,
  `updated_at` timestamp NULL DEFAULT NULL
) ENGINE=InnoDB DEFAULT CHARSET=utf8mb4 COLLATE=utf8mb4_unicode_ci;

--
-- Dumping data untuk tabel `puskesmas`
--

INSERT INTO `puskesmas` (`id`, `puskesmas`, `kecamatan_id`, `alamat`, `no_hp`, `latitude`, `longitude`, `created_at`, `updated_at`) VALUES
(1, 'Puskesmas MAESAN', 9, 'Jl. Raya Jember No.43 Ds. Gambangan, Kec. Maesan', '0333-426161', '-8.032340', '113.775929', '2020-04-01 15:00:00', '2020-04-01 15:00:00'),
(2, 'Puskesmas GRUJUGAN', 6, 'Jl. Raya Jember No. 29 Ds. Dadapan, Kec. Grujugan', '0332-423102', '-7.976240', '113.797169', '2020-04-01 15:00:00', '2020-04-01 15:00:00'),
(3, 'Puskesmas TAMANAN ', 17, 'Jl. Maesan Ds. Tamanan, Kec. Tamanan', '0332-426203', '-7.874650', '113.882828', '2020-04-01 15:00:00', '2020-04-01 15:00:00'),
(4, 'Puskesmas JAMBESARI ', 7, 'Jl. Raya Jambesari Ds. Jambesari, Kec. Jambesari Darus Sholah', '0332-770303', '-7.978963', '113.840787', '2020-04-01 15:00:00', '2020-04-01 15:00:00'),
(5, 'Puskesmas PUJER ', 12, 'Jl. Raya Pujer Ds. Pujer, Kec. Pujer', '', '-7.977620', '113.894372', '2020-04-01 15:00:00', '2020-04-01 15:00:00'),
(6, 'Puskesmas TLOGOSARI ', 21, 'Jl. Raya Pakisan Ds. Pakisan, Kec. Tlogosari', '0332-422246', '-7.986601', '113.919110', '2020-04-01 15:00:00', '2020-04-01 15:00:00'),
(7, 'Puskesmas SUKOSARI ', 14, 'Jl. Raya Kawah Ijen No.53 Ds. Sukosari Lor, Kec. Sukosari', '0332-321023', '-7.944030', '113.964744', '2020-04-01 15:00:00', '2020-04-01 15:00:00'),
(8, 'Puskesmas SUMBERWRINGIN ', 15, 'Jl. Raya Raung Sumber Wringin, Kec. Sumber Wringin', '0332-321420', '-7.979330', '113.993236', '2020-04-01 15:00:00', '2020-04-01 15:00:00'),
(9, 'Puskesmas TAPEN ', 18, 'Jl. Olah Raga No.1 Ds. Tapen, Kec. Tapen', '0332-560103', '-7.855778', '113.931247', '2020-04-01 15:00:00', '2020-04-01 15:00:00'),
(10, 'Puskesmas WONOSARI ', 18, 'Jl. Raya Situbondo Ds. Cindogo, Kec. Tapen', '0332-423105', '-7.883597', '113.898162', '2020-04-01 15:00:00', '2020-04-01 15:00:00'),
(11, 'Puskesmas TENGGARANG ', 20, 'Jl. Situbondo 158 Kel. Tenggarang, Kec. Tenggarang', '0332-425528', '-7.909109', '113.852206', '2020-04-01 15:00:00', '2020-04-01 15:00:00'),
(12, 'Puskesmas NANGKAAN ', 2, 'Jl. Bgripol 5 Kel. Nangkaan, Kec. Bondowoso', '0332-427239', '-7.931247', '113.811673', '2020-04-01 15:00:00', '2020-04-01 15:00:00'),
(13, 'Puskesmas KOTAKULON ', 2, 'Jl. Diponegoro 176 Kel. Kotakulon, Kec.Bondowoso', '0332-427087', '-7.907613', '113.812907', '2020-04-01 15:00:00', '2020-04-01 15:00:00'),
(14, 'Puskesmas KADEMANGAN ', 2, 'Jl. Supriadi Kel. Kademanagn, Kec. Bondowoso', '0332-423018', '-7.917232', '113.832161', '2020-04-01 15:00:00', '2020-04-01 15:00:00'),
(15, 'Puskesmas CURAHDAMI ', 5, 'Jl. Raya Curahdami, Kec. Curahdami', '0332-423104', '-7.913014', '113.792070', '2020-04-01 15:00:00', '2020-04-01 15:00:00'),
(16, 'Puskesmas BINAKAL ', 1, 'Jl. Sumber Waru Binakal, Kec. Binakal', '0332-432501', '-7.898301', '113.768306', '2020-04-01 15:00:00', '2020-04-01 15:00:00'),
(17, 'Puskesmas PAKEM ', 10, 'Jl. Raya Patemon Ds. Patemon, Kec. Pakem', '0332-425531', '-7.855952', '113.752616', '2020-04-01 15:00:00', '2020-04-01 15:00:00'),
(18, 'Puskesmas WRINGIN ', 23, 'Jl. Raya Wringin Arak-arak Ds. Jatisari, Kec. Wringin', '0332-423441', '-7.826790', '113.760530', '2020-04-01 15:00:00', '2020-04-01 15:00:00'),
(19, 'Puskesmas TEGALAMPEL ', 19, 'Jl. Yudodiningrat, Kec. Tegalampel', '0332-427377', '-7.902070', '113.825742', '2020-04-01 15:00:00', '2020-04-01 15:00:00'),
(20, 'Puskesmas TAMAN KROCOK ', 16, 'Jl. Raya Taman Krocok No. 2 Ds. Taman. Kec. Taman Krocok', '081224411823', '-7.876923', '113.881607', '2020-04-01 15:00:00', '2020-04-01 15:00:00'),
(21, 'Puskesmas SEMPOL ', 13, 'Jl. Raya Kawah Ijen No.1 Ds Sempol, Kec. Sempol', '08113511431', '-8.007882', '114.148350', '2020-04-01 15:00:00', '2020-04-01 15:00:00'),
(22, 'Puskesmas BOTOLINGGO ', 3, 'Jl. Raya Botolinggo, Kec. Botolinggo', '081266789502', '-7.825092', '113.987409', '2020-04-01 15:00:00', '2020-04-01 15:00:00'),
(23, 'Puskesmas PRAJEKAN', 11, 'Jl. Raya Situbondo Prajekan, Kec. Prajekan', '0332-560520', '-7.803876', '113.975842', '2020-04-01 15:00:00', '2020-04-01 15:00:00'),
(24, 'Puskesmas CERMEE ', 4, 'Jl. Raya Cermee Ds. Suling Kulon, Kec. Cermee', '0332-561248', '-7.780475', '114.030614', '2020-04-01 15:00:00', '2020-04-01 15:00:00'),
(25, 'Puskesmas Klabang', 8, 'Jl. Raya Situbondo, Donusuko, Klampokan, Klabang, Kabupaten Bondowoso, Jawa Timur 68284', '0332-561083', '', '', '2020-04-07 14:55:19', '2020-04-07 14:55:19');

-- --------------------------------------------------------

--
-- Struktur dari tabel `users`
--

CREATE TABLE `users` (
  `id` tinyint(3) UNSIGNED NOT NULL,
  `nama` varchar(60) COLLATE utf8mb4_unicode_ci NOT NULL,
  `username` varchar(20) COLLATE utf8mb4_unicode_ci NOT NULL,
  `email` varchar(60) COLLATE utf8mb4_unicode_ci NOT NULL,
  `email_verified_at` timestamp NULL DEFAULT NULL,
  `password` varchar(70) COLLATE utf8mb4_unicode_ci NOT NULL,
  `level` enum('Dinkes','Puskesmas','Kecamatan','Kabupaten') COLLATE utf8mb4_unicode_ci NOT NULL,
  `remember_token` varchar(100) COLLATE utf8mb4_unicode_ci DEFAULT NULL,
  `created_at` timestamp NULL DEFAULT NULL,
  `updated_at` timestamp NULL DEFAULT NULL,
  `puskesmas_id` tinyint(4) NOT NULL,
  `kecamatan_id` tinyint(3) DEFAULT NULL
) ENGINE=InnoDB DEFAULT CHARSET=utf8mb4 COLLATE=utf8mb4_unicode_ci;

--
-- Dumping data untuk tabel `users`
--

INSERT INTO `users` (`id`, `nama`, `username`, `email`, `email_verified_at`, `password`, `level`, `remember_token`, `created_at`, `updated_at`, `puskesmas_id`, `kecamatan_id`) VALUES
(1, 'Administrator', 'administrator', 'administrator@mail.test', NULL, '$2y$10$CGuFdD1tSaBFEs7Y2PeII.JdJCwecjouatSMjMozAvrdy0Ct.9q0G', 'Dinkes', NULL, '2020-03-29 07:03:04', '2020-03-31 07:12:44', 0, NULL),
(2, 'Roberto', 'roberto', 'roberto@mail.test', NULL, '$2y$10$M6XJqxCwp5CiibYxih156Oiv3Ig/W3mLj0rWfx6oIp8ShjAk39O3e', 'Dinkes', NULL, '2020-03-30 04:39:54', '2020-03-30 04:39:54', 0, NULL),
(4, 'Shevchenko', 'shevchenko', 'shevchenko@mail.test', NULL, '$2y$10$G1ZPSPWmCOE5xu23djDDX.YcNiGECt80eyHiBKYcjJmOUlXWiOVdm', 'Puskesmas', NULL, '2020-03-31 07:39:25', '2020-03-31 07:39:25', 1, NULL),
(5, 'Samuel', 'samuel', 'samuel@mail.test', NULL, '$2y$10$/avsCCO3WEB.ONImpAkBlOvP/L5NzuP4p4e1J0kI7vkpN32PTwvgS', 'Puskesmas', NULL, '2020-04-05 15:06:18', '2020-04-05 15:06:18', 2, NULL),
(6, 'Elvis', 'elvis', 'elvis@mail.test', NULL, '$2y$10$F/SCd/dOUfnjsuo4Ca3kGewDY3EsYwECv1981/n8SIuZHrhrYVff.', 'Puskesmas', NULL, '2020-04-05 15:07:23', '2020-04-05 15:07:23', 18, NULL),
(7, 'Oong', 'oong', 'oong@mail.test', NULL, '$2y$10$Fu2W4rY2HUZ2Uv5sxA5TquleQsZwJpgfkhTjlqi4pPQuPuZL6rz7O', 'Puskesmas', NULL, '2020-04-07 09:15:40', '2020-04-07 09:15:40', 3, NULL),
(8, 'kademangan', 'kademangan', 'kademangan@mail.test', NULL, '$2y$10$C2oCeZ5onX0hjM5i.9Zh4e0qrq9BnIMh5bxBucYAjvA6pQA5GU.lO', 'Puskesmas', NULL, '2020-04-08 22:44:56', '2020-04-08 22:44:56', 14, NULL),
(9, 'Mandra', 'mandra', 'mandra@mail.test', NULL, '$2y$10$OLOqPwlUyyRmPW1HIPdwPeUt2d.Zt4TTg/osLc3rATUTUqFViXG/2', 'Kecamatan', NULL, '2020-04-11 08:54:53', '2020-04-11 08:54:53', 0, 4),
(10, 'Indri', 'indri', 'indris@mail.test', NULL, '$2y$10$3rx3zmqZT64smdF9ML8O1u.4MrjVojHH/b5XJDKxIDl18T.rFumNK', 'Kecamatan', NULL, '2020-04-11 09:01:25', '2020-04-11 09:05:10', 0, 2),
(11, 'dani', 'dani', 'dani@mail.test', NULL, '$2y$10$RhW03IVzfDtGFWjnctv7BOQpHyZLMDeNCtJEFH96HR.GiqyYX3jBa', 'Puskesmas', NULL, '2020-04-13 03:18:50', '2020-04-13 03:18:50', 2, 0);

--
-- Indexes for dumped tables
--

--
-- Indeks untuk tabel `failed_jobs`
--
ALTER TABLE `failed_jobs`
  ADD PRIMARY KEY (`id`);

--
-- Indeks untuk tabel `kecamatan`
--
ALTER TABLE `kecamatan`
  ADD PRIMARY KEY (`id`);

--
-- Indeks untuk tabel `kumulatif`
--
ALTER TABLE `kumulatif`
  ADD PRIMARY KEY (`id`),
  ADD KEY `kumulatif_kecamatan_id_foreign` (`kecamatan_id`),
  ADD KEY `kumulatif_puskesmas_id_foreign` (`puskesmas_id`),
  ADD KEY `kumulatif_user_id_foreign` (`user_id`);

--
-- Indeks untuk tabel `migrations`
--
ALTER TABLE `migrations`
  ADD PRIMARY KEY (`id`);

--
-- Indeks untuk tabel `password_resets`
--
ALTER TABLE `password_resets`
  ADD KEY `password_resets_email_index` (`email`);

--
-- Indeks untuk tabel `puskesmas`
--
ALTER TABLE `puskesmas`
  ADD PRIMARY KEY (`id`),
  ADD KEY `puskesmas_kecamatan_id_foreign` (`kecamatan_id`);

--
-- Indeks untuk tabel `users`
--
ALTER TABLE `users`
  ADD PRIMARY KEY (`id`),
  ADD UNIQUE KEY `users_username_unique` (`username`),
  ADD UNIQUE KEY `users_email_unique` (`email`),
  ADD UNIQUE KEY `kecamatan_id` (`kecamatan_id`);

--
-- AUTO_INCREMENT untuk tabel yang dibuang
--

--
-- AUTO_INCREMENT untuk tabel `failed_jobs`
--
ALTER TABLE `failed_jobs`
  MODIFY `id` bigint(20) UNSIGNED NOT NULL AUTO_INCREMENT;

--
-- AUTO_INCREMENT untuk tabel `kecamatan`
--
ALTER TABLE `kecamatan`
  MODIFY `id` tinyint(3) UNSIGNED NOT NULL AUTO_INCREMENT, AUTO_INCREMENT=24;

--
-- AUTO_INCREMENT untuk tabel `kumulatif`
--
ALTER TABLE `kumulatif`
  MODIFY `id` int(10) UNSIGNED NOT NULL AUTO_INCREMENT, AUTO_INCREMENT=858;

--
-- AUTO_INCREMENT untuk tabel `migrations`
--
ALTER TABLE `migrations`
  MODIFY `id` int(10) UNSIGNED NOT NULL AUTO_INCREMENT, AUTO_INCREMENT=17;

--
-- AUTO_INCREMENT untuk tabel `puskesmas`
--
ALTER TABLE `puskesmas`
  MODIFY `id` tinyint(3) UNSIGNED NOT NULL AUTO_INCREMENT, AUTO_INCREMENT=26;

--
-- AUTO_INCREMENT untuk tabel `users`
--
ALTER TABLE `users`
  MODIFY `id` tinyint(3) UNSIGNED NOT NULL AUTO_INCREMENT, AUTO_INCREMENT=12;

--
-- Ketidakleluasaan untuk tabel pelimpahan (Dumped Tables)
--

--
-- Ketidakleluasaan untuk tabel `kumulatif`
--
ALTER TABLE `kumulatif`
  ADD CONSTRAINT `kumulatif_kecamatan_id_foreign` FOREIGN KEY (`kecamatan_id`) REFERENCES `kecamatan` (`id`),
  ADD CONSTRAINT `kumulatif_user_id_foreign` FOREIGN KEY (`user_id`) REFERENCES `users` (`id`);

--
-- Ketidakleluasaan untuk tabel `puskesmas`
--
ALTER TABLE `puskesmas`
  ADD CONSTRAINT `puskesmas_kecamatan_id_foreign` FOREIGN KEY (`kecamatan_id`) REFERENCES `kecamatan` (`id`);
COMMIT;

/*!40101 SET CHARACTER_SET_CLIENT=@OLD_CHARACTER_SET_CLIENT */;
/*!40101 SET CHARACTER_SET_RESULTS=@OLD_CHARACTER_SET_RESULTS */;
/*!40101 SET COLLATION_CONNECTION=@OLD_COLLATION_CONNECTION */;
